CODICE BELFIORE,DESCRIZIONE COMUNE,Provincia
A001,ABANO TERME,Padova
A004,ABBADIA CERRETO,Lodi
A005,ABBADIA LARIANA,Lecco
A006,ABBADIA SAN SALVATORE,Siena
A007,ABBASANTA,Oristano
A008,ABBATEGGIO,Pescara
A010,ABBIATEGRASSO,Milano
M376,ABETONE CUTIGLIANO,Pistoia
A013,ABRIOLA,Potenza
A014,ACATE,Ragusa
A015,ACCADIA,Foggia
A016,ACCEGLIO,Cuneo
A017,ACCETTURA,Matera
A018,ACCIANO,L'Aquila
A019,ACCUMOLI,Rieti
A020,ACERENZA,Potenza
A023,ACERNO,Salerno
A024,ACERRA,Napoli
A025,ACI BONACCORSI,Catania
A026,ACI CASTELLO,Catania
A027,ACI CATENA,Catania
A029,ACI SANT'ANTONIO,Catania
A028,ACIREALE,Catania
A032,ACQUAFONDATA,Frosinone
A033,ACQUAFORMOSA,Cosenza
A034,ACQUAFREDDA,Brescia
A035,ACQUALAGNA,Pesaro e Urbino
A039,ACQUANEGRA CREMONESE,Cremona
A038,ACQUANEGRA SUL CHIESE,Mantova
A040,ACQUAPENDENTE,Viterbo
A041,ACQUAPPESA,Cosenza
A043,ACQUARO,Vibo Valentia
A044,ACQUASANTA TERME,Ascoli Piceno
A045,ACQUASPARTA,Terni
A050,ACQUAVIVA COLLECROCE,Campobasso
A051,ACQUAVIVA D'ISERNIA,Isernia
A048,ACQUAVIVA DELLE FONTI,Bari
A047,ACQUAVIVA PICENA,Ascoli Piceno
A049,ACQUAVIVA PLATANI,Caltanissetta
M211,ACQUEDOLCI,Messina
A052,ACQUI TERME,Alessandria
A053,ACRI,Cosenza
A054,ACUTO,Frosinone
A055,ADELFIA,Bari
A056,ADRANO,Catania
A057,ADRARA SAN MARTINO,Bergamo
A058,ADRARA SAN ROCCO,Bergamo
A059,ADRIA,Rovigo
A060,ADRO,Brescia
A061,AFFI,Verona
A062,AFFILE,Roma
A064,AFRAGOLA,Napoli
A065,AFRICO,Reggio di Calabria
A067,AGAZZANO,Piacenza
A068,AGEROLA,Napoli
A069,AGGIUS,Sassari
A070,AGIRA,Enna
A071,AGLIANA,Pistoia
A072,AGLIANO TERME,Asti
A074,AGLIE',Torino
H848,AGLIENTU,Sassari
A075,AGNA,Padova
A076,AGNADELLO,Cremona
A077,AGNANA CALABRA,Reggio di Calabria
A080,AGNONE,Isernia
A082,AGNOSINE,Brescia
A083,AGORDO,Belluno
A084,AGOSTA,Roma
A085,AGRA,Varese
A087,AGRATE BRIANZA,Monza e della Brianza
A088,AGRATE CONTURBIA,Novara
A089,AGRIGENTO,Agrigento
A091,AGROPOLI,Salerno
A092,AGUGLIANO,Ancona
A093,AGUGLIARO,Vicenza
A096,AICURZIO,Monza e della Brianza
A097,AIDOMAGGIORE,Oristano
A098,AIDONE,Enna
A100,AIELLI,L'Aquila
A102,AIELLO CALABRO,Cosenza
A103,AIELLO DEL FRIULI,Udine
A101,AIELLO DEL SABATO,Avellino
A105,AIETA,Cosenza
A106,AILANO,Caserta
A107,AILOCHE,Biella
A109,AIRASCA,Torino
A110,AIROLA,Benevento
A111,AIROLE,Imperia
A112,AIRUNO,Lecco
A113,AISONE,Cuneo
A116,ALA,Trento
A117,ALA DI STURA,Torino
A115,ALA' DEI SARDI,Sassari
A118,ALAGNA,Pavia
A119,ALAGNA VALSESIA,Vercelli
A120,ALANNO,Pescara
A122,ALASSIO,Savona
A123,ALATRI,Frosinone
A124,ALBA,Cuneo
A125,ALBA ADRIATICA,Teramo
A126,ALBAGIARA,Oristano
A127,ALBAIRATE,Milano
A128,ALBANELLA,Salerno
A131,ALBANO DI LUCANIA,Potenza
A132,ALBANO LAZIALE,Roma
A129,ALBANO SANT'ALESSANDRO,Bergamo
A130,ALBANO VERCELLESE,Vercelli
A137,ALBAREDO D'ADIGE,Verona
A135,ALBAREDO PER SAN MARCO,Sondrio
A138,ALBARETO,Parma
A139,ALBARETTO DELLA TORRE,Cuneo
A143,ALBAVILLA,Como
A145,ALBENGA,Savona
A146,ALBERA LIGURE,Alessandria
A149,ALBEROBELLO,Bari
A150,ALBERONA,Foggia
A153,ALBESE CON CASSANO,Como
A154,ALBETTONE,Vicenza
A155,ALBI,Catanzaro
A158,ALBIANO,Trento
A157,ALBIANO D'IVREA,Torino
A159,ALBIATE,Monza e della Brianza
A160,ALBIDONA,Cosenza
A161,ALBIGNASEGO,Padova
A162,ALBINEA,Reggio nell'Emilia
A163,ALBINO,Bergamo
A164,ALBIOLO,Como
A166,ALBISOLA SUPERIORE,Savona
A165,ALBISSOLA MARINA,Savona
A167,ALBIZZATE,Varese
A171,ALBONESE,Pavia
A172,ALBOSAGGIA,Sondrio
A173,ALBUGNANO,Asti
A175,ALBUZZANO,Pavia
A176,ALCAMO,Trapani
A177,ALCARA LI FUSI,Messina
A178,ALDENO,Trento
A179,ALDINO/ALDEIN,Bolzano
A180,ALES,Oristano
A182,ALESSANDRIA,Alessandria
A183,ALESSANDRIA DEL CARRETTO,Cosenza
A181,ALESSANDRIA DELLA ROCCA,Agrigento
A184,ALESSANO,Lecce
A185,ALEZIO,Lecce
A186,ALFANO,Salerno
A187,ALFEDENA,L'Aquila
A188,ALFIANELLO,Brescia
A189,ALFIANO NATTA,Alessandria
A191,ALFONSINE,Ravenna
A192,ALGHERO,Sassari
A193,ALGUA,Bergamo
A194,ALI',Messina
A201,ALI' TERME,Messina
A195,ALIA,Palermo
A196,ALIANO,Matera
A197,ALICE BEL COLLE,Alessandria
A198,ALICE CASTELLO,Vercelli
A200,ALIFE,Caserta
A202,ALIMENA,Palermo
A203,ALIMINUSA,Palermo
A204,ALLAI,Oristano
A206,ALLEGHE,Belluno
A205,ALLEIN,Aosta
A207,ALLERONA,Terni
A208,ALLISTE,Lecce
A210,ALLUMIERE,Roma
M397,ALLUVIONI PIOVERA,Alessandria
A214,ALME',Bergamo
A216,ALMENNO SAN BARTOLOMEO,Bergamo
A217,ALMENNO SAN SALVATORE,Bergamo
A218,ALMESE,Torino
A220,ALONTE,Vicenza
M375,ALPAGO,Belluno
A221,ALPETTE,Torino
A222,ALPIGNANO,Torino
A223,ALSENO,Piacenza
A224,ALSERIO,Como
M386,ALTA VAL TIDONE,Piacenza
M383,ALTA VALLE INTELVI,Como
A225,ALTAMURA,Bari
A226,ALTARE,Savona
M349,ALTAVALLE,Trento
A228,ALTAVILLA IRPINA,Avellino
A229,ALTAVILLA MILICIA,Palermo
A227,ALTAVILLA MONFERRATO,Alessandria
A230,ALTAVILLA SILENTINA,Salerno
A231,ALTAVILLA VICENTINA,Vicenza
A233,ALTIDONA,Fermo
A234,ALTILIA,Cosenza
A235,ALTINO,Chieti
A236,ALTISSIMO,Vicenza
A237,ALTIVOLE,Treviso
A238,ALTO,Cuneo
M369,ALTO RENO TERME,Bologna
M389,ALTO SERMENZA,Vercelli
A239,ALTOFONTE,Palermo
A240,ALTOMONTE,Cosenza
A241,ALTOPASCIO,Lucca
M350,ALTOPIANO DELLA VIGOLANA,Trento
A242,ALVIANO,Terni
A243,ALVIGNANO,Caserta
A244,ALVITO,Frosinone
A246,ALZANO LOMBARDO,Bergamo
A245,ALZANO SCRIVIA,Alessandria
A249,ALZATE BRIANZA,Como
A251,AMALFI,Salerno
A252,AMANDOLA,Fermo
A253,AMANTEA,Cosenza
A254,AMARO,Udine
A255,AMARONI,Catanzaro
A256,AMASENO,Frosinone
A257,AMATO,Catanzaro
A258,AMATRICE,Rieti
A259,AMBIVERE,Bergamo
M351,AMBLAR-DON,Trento
A261,AMEGLIA,La Spezia
A262,AMELIA,Terni
A263,AMENDOLARA,Cosenza
A264,AMENO,Novara
A265,AMOROSI,Benevento
A267,AMPEZZO,Udine
A268,ANACAPRI,Napoli
A269,ANAGNI,Frosinone
A270,ANCARANO,Teramo
A271,ANCONA,Ancona
A272,ANDALI,Catanzaro
A274,ANDALO,Trento
A273,ANDALO VALTELLINO,Sondrio
A275,ANDEZENO,Torino
A278,ANDORA,Savona
A280,ANDORNO MICCA,Biella
A281,ANDRANO,Lecce
A282,ANDRATE,Torino
A283,ANDREIS,Pordenone
A284,ANDRETTA,Avellino
A285,ANDRIA,Barletta-Andria-Trani
A286,ANDRIANO/ANDRIAN,Bolzano
A287,ANELA,Sassari
A288,ANFO,Brescia
A290,ANGERA,Varese
A291,ANGHIARI,Arezzo
A292,ANGIARI,Verona
A293,ANGOLO TERME,Brescia
A294,ANGRI,Salerno
A295,ANGROGNA,Torino
A297,ANGUILLARA SABAZIA,Roma
A296,ANGUILLARA VENETA,Padova
A299,ANNICCO,Cremona
A301,ANNONE DI BRIANZA,Lecco
A302,ANNONE VENETO,Venezia
A303,ANOIA,Reggio di Calabria
A304,ANTEGNATE,Bergamo
A306,ANTERIVO/ALTREI,Bolzano
A305,ANTEY-SAINT-ANDRE',Aosta
A309,ANTICOLI CORRADO,Roma
A312,ANTIGNANO,Asti
A313,ANTILLO,Messina
A314,ANTONIMINA,Reggio di Calabria
A315,ANTRODOCO,Rieti
A317,ANTRONA SCHIERANCO,Verbano-Cusio-Ossola
A318,ANVERSA DEGLI ABRUZZI,L'Aquila
A319,ANZANO DEL PARCO,Como
A320,ANZANO DI PUGLIA,Foggia
A321,ANZI,Potenza
A323,ANZIO,Roma
A325,ANZOLA D'OSSOLA,Verbano-Cusio-Ossola
A324,ANZOLA DELL'EMILIA,Bologna
A326,AOSTA,Aosta
A327,APECCHIO,Pesaro e Urbino
A328,APICE,Benevento
A329,APIRO,Macerata
A330,APOLLOSA,Benevento
A333,APPIANO GENTILE,Como
A332,APPIANO SULLA STRADA DEL VINO/EPPAN AN DER WEINSTRASSE,Bolzano
A334,APPIGNANO,Macerata
A335,APPIGNANO DEL TRONTO,Ascoli Piceno
A337,APRICA,Sondrio
A338,APRICALE,Imperia
A339,APRICENA,Foggia
A340,APRIGLIANO,Cosenza
A341,APRILIA,Latina
A343,AQUARA,Salerno
A344,AQUILA D'ARROSCIA,Imperia
A346,AQUILEIA,Udine
A347,AQUILONIA,Avellino
A348,AQUINO,Frosinone
A350,ARADEO,Lecce
A351,ARAGONA,Agrigento
A352,ARAMENGO,Asti
A354,ARBA,Pordenone
A357,ARBOREA,Oristano
A358,ARBORIO,Vercelli
A359,ARBUS,Sud Sardegna
A360,ARCADE,Treviso
A363,ARCE,Frosinone
A365,ARCENE,Bergamo
A366,ARCEVIA,Ancona
A367,ARCHI,Chieti
A369,ARCIDOSSO,Grosseto
A370,ARCINAZZO ROMANO,Roma
A371,ARCISATE,Varese
A372,ARCO,Trento
A373,ARCOLA,La Spezia
A374,ARCOLE,Verona
A375,ARCONATE,Milano
A376,ARCORE,Monza e della Brianza
A377,ARCUGNANO,Vicenza
A379,ARDARA,Sassari
A380,ARDAULI,Oristano
M213,ARDEA,Roma
A382,ARDENNO,Sondrio
A383,ARDESIO,Bergamo
A385,ARDORE,Reggio di Calabria
A386,ARENA,Vibo Valentia
A387,ARENA PO,Pavia
A388,ARENZANO,Genova
A389,ARESE,Milano
A390,AREZZO,Arezzo
A391,ARGEGNO,Como
A392,ARGELATO,Bologna
A393,ARGENTA,Ferrara
A394,ARGENTERA,Cuneo
A396,ARGUELLO,Cuneo
A397,ARGUSTO,Catanzaro
A398,ARI,Chieti
A399,ARIANO IRPINO,Avellino
A400,ARIANO NEL POLESINE,Rovigo
A401,ARICCIA,Roma
A402,ARIELLI,Chieti
A403,ARIENZO,Caserta
A405,ARIGNANO,Torino
A407,ARITZO,Nuoro
A409,ARIZZANO,Verbano-Cusio-Ossola
A412,ARLENA DI CASTRO,Viterbo
A413,ARLUNO,Milano
A414,ARMENO,Novara
A415,ARMENTO,Potenza
A418,ARMO,Imperia
A419,ARMUNGIA,Sud Sardegna
A424,ARNAD,Aosta
A421,ARNARA,Frosinone
A422,ARNASCO,Savona
A425,ARNESANO,Lecce
A427,AROLA,Verbano-Cusio-Ossola
A429,ARONA,Novara
A430,AROSIO,Como
A431,ARPAIA,Benevento
A432,ARPAISE,Benevento
A433,ARPINO,Frosinone
A434,ARQUA' PETRARCA,Padova
A435,ARQUA' POLESINE,Rovigo
A437,ARQUATA DEL TRONTO,Ascoli Piceno
A436,ARQUATA SCRIVIA,Alessandria
A438,ARRE,Padova
A439,ARRONE,Terni
A441,ARSAGO SEPRIO,Varese
A443,ARSIE',Belluno
A444,ARSIERO,Vicenza
A445,ARSITA,Teramo
A446,ARSOLI,Roma
A447,ARTA TERME,Udine
A448,ARTEGNA,Udine
A449,ARTENA,Roma
A451,ARTOGNE,Brescia
A452,ARVIER,Aosta
A453,ARZACHENA,Sassari
A440,ARZAGO D'ADDA,Bergamo
A454,ARZANA,Nuoro
A455,ARZANO,Napoli
A458,ARZERGRANDE,Padova
A459,ARZIGNANO,Vicenza
A460,ASCEA,Salerno
A461,ASCIANO,Siena
A462,ASCOLI PICENO,Ascoli Piceno
A463,ASCOLI SATRIANO,Foggia
A464,ASCREA,Rieti
A465,ASIAGO,Vicenza
A467,ASIGLIANO VENETO,Vicenza
A466,ASIGLIANO VERCELLESE,Vercelli
A470,ASOLA,Mantova
A471,ASOLO,Treviso
A473,ASSAGO,Milano
A474,ASSEMINI,Cagliari
A475,ASSISI,Perugia
A476,ASSO,Como
A477,ASSOLO,Oristano
A478,ASSORO,Enna
A479,ASTI,Asti
A480,ASUNI,Oristano
A481,ATELETA,L'Aquila
A482,ATELLA,Potenza
A484,ATENA LUCANA,Salerno
A485,ATESSA,Chieti
A486,ATINA,Frosinone
A487,ATRANI,Salerno
A488,ATRI,Teramo
A489,ATRIPALDA,Avellino
A490,ATTIGLIANO,Terni
A491,ATTIMIS,Udine
A492,ATZARA,Nuoro
A494,AUGUSTA,Siracusa
A495,AULETTA,Salerno
A496,AULLA,Massa Carrara
A497,AURANO,Verbano-Cusio-Ossola
A499,AURIGO,Imperia
A501,AURONZO DI CADORE,Belluno
A502,AUSONIA,Frosinone
A503,AUSTIS,Nuoro
A506,AVEGNO,Genova
A507,AVELENGO/HAFLING,Bolzano
A508,AVELLA,Avellino
A509,AVELLINO,Avellino
A511,AVERARA,Bergamo
A512,AVERSA,Caserta
A514,AVETRANA,Taranto
A515,AVEZZANO,L'Aquila
A516,AVIANO,Pordenone
A517,AVIATICO,Bergamo
A518,AVIGLIANA,Torino
A519,AVIGLIANO,Potenza
M258,AVIGLIANO UMBRO,Terni
A520,AVIO,Trento
A521,AVISE,Aosta
A522,AVOLA,Siracusa
A523,AVOLASCA,Alessandria
A094,AYAS,Aosta
A108,AYMAVILLES,Aosta
A525,AZEGLIO,Torino
A526,AZZANELLO,Cremona
A527,AZZANO D'ASTI,Asti
A530,AZZANO DECIMO,Pordenone
A529,AZZANO MELLA,Brescia
A528,AZZANO SAN PAOLO,Bergamo
A531,AZZATE,Varese
A532,AZZIO,Varese
A533,AZZONE,Bergamo
A534,BACENO,Verbano-Cusio-Ossola
A535,BACOLI,Napoli
A536,BADALUCCO,Imperia
M214,BADESI,Sassari
A540,BADIA CALAVENA,Verona
A538,BADIA PAVESE,Pavia
A539,BADIA POLESINE,Rovigo
A541,BADIA TEDALDA,Arezzo
A537,BADIA/ABTEI,Bolzano
A542,BADOLATO,Catanzaro
A544,BAGALADI,Reggio di Calabria
A546,BAGHERIA,Palermo
A547,BAGNACAVALLO,Ravenna
A552,BAGNARA CALABRA,Reggio di Calabria
A551,BAGNARA DI ROMAGNA,Ravenna
A550,BAGNARIA,Pavia
A553,BAGNARIA ARSA,Udine
A555,BAGNASCO,Cuneo
A557,BAGNATICA,Bergamo
A560,BAGNI DI LUCCA,Lucca
A564,BAGNO A RIPOLI,Firenze
A565,BAGNO DI ROMAGNA,Forli'-Cesena
A567,BAGNOLI DEL TRIGNO,Isernia
A568,BAGNOLI DI SOPRA,Padova
A566,BAGNOLI IRPINO,Avellino
A570,BAGNOLO CREMASCO,Cremona
A572,BAGNOLO DEL SALENTO,Lecce
A574,BAGNOLO DI PO,Rovigo
A573,BAGNOLO IN PIANO,Reggio nell'Emilia
A569,BAGNOLO MELLA,Brescia
A571,BAGNOLO PIEMONTE,Cuneo
A575,BAGNOLO SAN VITO,Mantova
A576,BAGNONE,Massa Carrara
A577,BAGNOREGIO,Viterbo
A578,BAGOLINO,Brescia
A579,BAIA E LATINA,Caserta
A580,BAIANO,Avellino
A584,BAIRO,Torino
A586,BAISO,Reggio nell'Emilia
A581,BAJARDO,Imperia
A587,BALANGERO,Torino
A588,BALDICHIERI D'ASTI,Asti
A590,BALDISSERO CANAVESE,Torino
A589,BALDISSERO D'ALBA,Cuneo
A591,BALDISSERO TORINESE,Torino
A592,BALESTRATE,Palermo
A593,BALESTRINO,Savona
A594,BALLABIO,Lecco
A597,BALLAO,Sud Sardegna
A599,BALME,Torino
A600,BALMUCCIA,Vercelli
A601,BALOCCO,Vercelli
A603,BALSORANO,L'Aquila
A604,BALVANO,Potenza
A605,BALZOLA,Alessandria
A606,BANARI,Sassari
A607,BANCHETTE,Torino
A610,BANNIO ANZINO,Verbano-Cusio-Ossola
A612,BANZI,Potenza
A613,BAONE,Padova
A614,BARADILI,Oristano
A615,BARAGIANO,Potenza
A616,BARANELLO,Campobasso
A617,BARANO D'ISCHIA,Napoli
A618,BARANZATE,Milano
A619,BARASSO,Varese
A621,BARATILI SAN PIETRO,Oristano
A625,BARBANIA,Torino
A626,BARBARA,Ancona
M401,BARBARANO MOSSANO,Vicenza
A628,BARBARANO ROMANO,Viterbo
A629,BARBARESCO,Cuneo
A630,BARBARIGA,Brescia
A631,BARBATA,Bergamo
A632,BARBERINO DI MUGELLO,Firenze
M408,BARBERINO TAVARNELLE,Firenze
A634,BARBIANELLO,Pavia
A635,BARBIANO/BARBIAN,Bolzano
A637,BARBONA,Padova
A638,BARCELLONA POZZO DI GOTTO,Messina
A640,BARCIS,Pordenone
A643,BARD,Aosta
M433,BARDELLO CON MALGESSO E BREGANO,Varese
A646,BARDI,Parma
A647,BARDINETO,Savona
A650,BARDOLINO,Verona
A651,BARDONECCHIA,Torino
A652,BAREGGIO,Milano
A653,BARENGO,Novara
A655,BARESSA,Oristano
A656,BARETE,L'Aquila
A657,BARGA,Lucca
A658,BARGAGLI,Genova
A660,BARGE,Cuneo
A661,BARGHE,Brescia
A662,BARI,Bari
A663,BARI SARDO,Nuoro
A664,BARIANO,Bergamo
A665,BARICELLA,Bologna
A666,BARILE,Potenza
A667,BARISCIANO,L'Aquila
A668,BARLASSINA,Monza e della Brianza
A669,BARLETTA,Barletta-Andria-Trani
A670,BARNI,Como
A671,BAROLO,Cuneo
A673,BARONE CANAVESE,Torino
A674,BARONISSI,Salerno
A676,BARRAFRANCA,Enna
A677,BARRALI,Sud Sardegna
A678,BARREA,L'Aquila
A681,BARUMINI,Sud Sardegna
A683,BARZAGO,Lecco
A684,BARZANA,Bergamo
A686,BARZANO',Lecco
A687,BARZIO,Lecco
A689,BASALUZZO,Alessandria
A690,BASCAPE',Pavia
A691,BASCHI,Terni
A692,BASCIANO,Teramo
A694,BASELGA DI PINE',Trento
A696,BASELICE,Benevento
A697,BASIANO,Milano
A698,BASICO',Messina
A699,BASIGLIO,Milano
A700,BASILIANO,Udine
A702,BASSANO BRESCIANO,Brescia
A703,BASSANO DEL GRAPPA,Vicenza
A706,BASSANO IN TEVERINA,Viterbo
A704,BASSANO ROMANO,Viterbo
A707,BASSIANO,Latina
A708,BASSIGNANA,Alessandria
A709,BASTIA MONDOVI',Cuneo
A710,BASTIA UMBRA,Perugia
A712,BASTIDA PANCARANA,Pavia
A713,BASTIGLIA,Modena
A714,BATTAGLIA TERME,Padova
A716,BATTIFOLLO,Cuneo
A717,BATTIPAGLIA,Salerno
A718,BATTUDA,Pavia
A719,BAUCINA,Palermo
A721,BAULADU,Oristano
A722,BAUNEI,Nuoro
A725,BAVENO,Verbano-Cusio-Ossola
A728,BEDERO VALCUVIA,Varese
A729,BEDIZZOLE,Brescia
A730,BEDOLLO,Trento
A731,BEDONIA,Parma
A732,BEDULITA,Bergamo
A733,BEE,Verbano-Cusio-Ossola
A734,BEINASCO,Torino
A735,BEINETTE,Cuneo
A736,BELCASTRO,Catanzaro
A737,BELFIORE,Verona
A740,BELFORTE ALL'ISAURO,Pesaro e Urbino
A739,BELFORTE DEL CHIENTI,Macerata
A738,BELFORTE MONFERRATO,Alessandria
A741,BELGIOIOSO,Pavia
A742,BELGIRATE,Verbano-Cusio-Ossola
A743,BELLA,Potenza
M335,BELLAGIO,Como
A745,BELLANO,Lecco
A746,BELLANTE,Teramo
A747,BELLARIA-IGEA MARINA,Rimini
A749,BELLEGRA,Roma
A750,BELLINO,Cuneo
A751,BELLINZAGO LOMBARDO,Milano
A752,BELLINZAGO NOVARESE,Novara
M294,BELLIZZI,Salerno
A755,BELLONA,Caserta
A756,BELLOSGUARDO,Salerno
A757,BELLUNO,Belluno
A759,BELLUSCO,Monza e della Brianza
A762,BELMONTE CALABRO,Cosenza
A763,BELMONTE CASTELLO,Frosinone
A761,BELMONTE DEL SANNIO,Isernia
A765,BELMONTE IN SABINA,Rieti
A764,BELMONTE MEZZAGNO,Palermo
A760,BELMONTE PICENO,Fermo
A766,BELPASSO,Catania
A768,BELSITO,Cosenza
A772,BELVEDERE DI SPINELLO,Crotone
A774,BELVEDERE LANGHE,Cuneo
A773,BELVEDERE MARITTIMO,Cosenza
A769,BELVEDERE OSTRENSE,Ancona
A770,BELVEGLIO,Asti
A776,BELVI',Nuoro
A777,BEMA,Sondrio
A778,BENE LARIO,Como
A779,BENE VAGIENNA,Cuneo
A780,BENESTARE,Reggio di Calabria
A781,BENETUTTI,Sassari
A782,BENEVELLO,Cuneo
A783,BENEVENTO,Benevento
A784,BENNA,Biella
A785,BENTIVOGLIO,Bologna
A786,BERBENNO,Bergamo
A787,BERBENNO DI VALTELLINA,Sondrio
A788,BERCETO,Parma
A789,BERCHIDDA,Sassari
A791,BEREGAZZO CON FIGLIARO,Como
A792,BEREGUARDO,Pavia
A793,BERGAMASCO,Alessandria
A794,BERGAMO,Bergamo
A795,BERGANTINO,Rovigo
A796,BERGEGGI,Savona
A798,BERGOLO,Cuneo
A799,BERLINGO,Brescia
A801,BERNALDA,Matera
A802,BERNAREGGIO,Monza e della Brianza
A804,BERNATE TICINO,Milano
A805,BERNEZZO,Cuneo
A809,BERTINORO,Forli'-Cesena
A810,BERTIOLO,Udine
A811,BERTONICO,Lodi
A812,BERZANO DI SAN PIETRO,Asti
A813,BERZANO DI TORTONA,Alessandria
A816,BERZO DEMO,Brescia
A817,BERZO INFERIORE,Brescia
A815,BERZO SAN FERMO,Bergamo
A818,BESANA IN BRIANZA,Monza e della Brianza
A819,BESANO,Varese
A820,BESATE,Milano
A821,BESENELLO,Trento
A823,BESENZONE,Piacenza
A825,BESNATE,Varese
A826,BESOZZO,Varese
A827,BESSUDE,Sassari
A831,BETTOLA,Piacenza
A832,BETTONA,Perugia
A834,BEURA-CARDEZZA,Verbano-Cusio-Ossola
A835,BEVAGNA,Perugia
A836,BEVERINO,La Spezia
A837,BEVILACQUA,Verona
A841,BIANCAVILLA,Catania
A842,BIANCHI,Cosenza
A843,BIANCO,Reggio di Calabria
A844,BIANDRATE,Novara
A845,BIANDRONNO,Varese
A846,BIANZANO,Bergamo
A847,BIANZE',Vercelli
A848,BIANZONE,Sondrio
A849,BIASSONO,Monza e della Brianza
A850,BIBBIANO,Reggio nell'Emilia
A851,BIBBIENA,Arezzo
A852,BIBBONA,Livorno
A853,BIBIANA,Torino
A854,BICCARI,Foggia
A855,BICINICCO,Udine
A856,BIDONI',Oristano
A859,BIELLA,Biella
A861,BIENNO,Brescia
A863,BIENO,Trento
A864,BIENTINA,Pisa
A870,BINAGO,Como
A872,BINASCO,Milano
A874,BINETTO,Bari
A876,BIOGLIO,Biella
A877,BIONAZ,Aosta
A878,BIONE,Brescia
A880,BIRORI,Nuoro
A881,BISACCIA,Avellino
A882,BISACQUINO,Palermo
A883,BISCEGLIE,Barletta-Andria-Trani
A884,BISEGNA,L'Aquila
A885,BISENTI,Teramo
A887,BISIGNANO,Cosenza
A889,BISTAGNO,Alessandria
A891,BISUSCHIO,Varese
A892,BITETTO,Bari
A893,BITONTO,Bari
A894,BITRITTO,Bari
A895,BITTI,Nuoro
A896,BIVONA,Agrigento
A897,BIVONGI,Reggio di Calabria
A898,BIZZARONE,Como
A902,BLEGGIO SUPERIORE,Trento
A903,BLELLO,Bergamo
A857,BLERA,Viterbo
A904,BLESSAGNO,Como
A905,BLEVIO,Como
M268,BLUFI,Palermo
A906,BOARA PISANI,Padova
A909,BOBBIO,Piacenza
A910,BOBBIO PELLICE,Torino
A911,BOCA,Novara
A912,BOCCHIGLIERO,Cosenza
A914,BOCCIOLETO,Vercelli
A916,BOCENAGO,Trento
A918,BODIO LOMNAGO,Varese
A919,BOFFALORA D'ADDA,Lodi
A920,BOFFALORA SOPRA TICINO,Milano
A922,BOGLIASCO,Genova
A925,BOGNANCO,Verbano-Cusio-Ossola
A929,BOGOGNO,Novara
A931,BOISSANO,Savona
A930,BOJANO,Campobasso
A932,BOLANO,La Spezia
A937,BOLGARE,Bergamo
A940,BOLLATE,Milano
A941,BOLLENGO,Torino
A944,BOLOGNA,Bologna
A945,BOLOGNANO,Pescara
A946,BOLOGNETTA,Palermo
A947,BOLOGNOLA,Macerata
A948,BOLOTANA,Nuoro
A949,BOLSENA,Viterbo
A950,BOLTIERE,Bergamo
A953,BOLZANO NOVARESE,Novara
A954,BOLZANO VICENTINO,Vicenza
A952,BOLZANO/BOZEN,Bolzano
A955,BOMARZO,Viterbo
A956,BOMBA,Chieti
A957,BOMPENSIERE,Caltanissetta
A958,BOMPIETRO,Palermo
A959,BOMPORTO,Modena
A960,BONARCADO,Oristano
A961,BONASSOLA,La Spezia
A963,BONATE SOPRA,Bergamo
A962,BONATE SOTTO,Bergamo
A964,BONAVIGO,Verona
A965,BONDENO,Ferrara
A968,BONDONE,Trento
A970,BONEA,Benevento
A971,BONEFRO,Campobasso
A972,BONEMERSE,Cremona
A973,BONIFATI,Cosenza
A975,BONITO,Avellino
A976,BONNANARO,Sassari
A977,BONO,Sassari
A978,BONORVA,Sassari
A979,BONVICINO,Cuneo
A981,BORBONA,Rieti
A982,BORCA DI CADORE,Belluno
A983,BORDANO,Udine
A984,BORDIGHERA,Imperia
A986,BORDOLANO,Cremona
A987,BORE,Parma
A988,BORETTO,Reggio nell'Emilia
A989,BORGARELLO,Pavia
A990,BORGARO TORINESE,Torino
A991,BORGETTO,Palermo
A993,BORGHETTO D'ARROSCIA,Imperia
A998,BORGHETTO DI BORBERA,Alessandria
A992,BORGHETTO DI VARA,La Spezia
A995,BORGHETTO LODIGIANO,Lodi
A999,BORGHETTO SANTO SPIRITO,Savona
B001,BORGHI,Forli'-Cesena
B002,BORGIA,Catanzaro
B003,BORGIALLO,Torino
B005,BORGIO VEREZZI,Savona
B007,BORGO A MOZZANO,Lucca
M352,BORGO CHIESE,Trento
B009,BORGO D'ALE,Vercelli
M429,BORGO D'ANAUNIA,Trento
B010,BORGO DI TERZO,Bergamo
M353,BORGO LARES,Trento
M396,BORGO MANTOVANO,Mantova
B026,BORGO PACE,Pesaro e Urbino
B028,BORGO PRIOLO,Pavia
B033,BORGO SAN DALMAZZO,Cuneo
B035,BORGO SAN GIACOMO,Brescia
B017,BORGO SAN GIOVANNI,Lodi
B036,BORGO SAN LORENZO,Firenze
B037,BORGO SAN MARTINO,Alessandria
B038,BORGO SAN SIRO,Pavia
B043,BORGO TICINO,Novara
B044,BORGO TOSSIGNANO,Bologna
B042,BORGO VAL DI TARO,Parma
M421,BORGO VALBELLUNA,Belluno
B006,BORGO VALSUGANA,Trento
A996,BORGO VELINO,Rieti
M402,BORGO VENETO,Padova
B046,BORGO VERCELLI,Vercelli
M340,BORGO VIRGILIO,Mantova
M406,BORGOCARBONARA,Mantova
B015,BORGOFRANCO D'IVREA,Torino
B016,BORGOLAVEZZARO,Novara
B018,BORGOMALE,Cuneo
B019,BORGOMANERO,Novara
B020,BORGOMARO,Imperia
B021,BORGOMASINO,Torino
M370,BORGOMEZZAVALLE,Verbano-Cusio-Ossola
B024,BORGONE SUSA,Torino
B025,BORGONOVO VAL TIDONE,Piacenza
B029,BORGORATTO ALESSANDRINO,Alessandria
B030,BORGORATTO MORMOROLO,Pavia
B031,BORGORICCO,Padova
B008,BORGOROSE,Rieti
B040,BORGOSATOLLO,Brescia
B041,BORGOSESIA,Vercelli
B048,BORMIDA,Savona
B049,BORMIO,Sondrio
B051,BORNASCO,Pavia
B054,BORNO,Brescia
B055,BORONEDDU,Oristano
B056,BORORE,Nuoro
B057,BORRELLO,Chieti
B058,BORRIANA,Biella
B061,BORSO DEL GRAPPA,Treviso
B062,BORTIGALI,Nuoro
B063,BORTIGIADAS,Sassari
B064,BORUTTA,Sassari
B067,BORZONASCA,Genova
B068,BOSA,Oristano
B069,BOSARO,Rovigo
B070,BOSCHI SANT'ANNA,Verona
B073,BOSCO CHIESANUOVA,Verona
B071,BOSCO MARENGO,Alessandria
B075,BOSCONERO,Torino
B076,BOSCOREALE,Napoli
B077,BOSCOTRECASE,Napoli
B079,BOSIA,Cuneo
B080,BOSIO,Alessandria
B081,BOSISIO PARINI,Lecco
B082,BOSNASCO,Pavia
B083,BOSSICO,Bergamo
B084,BOSSOLASCO,Cuneo
B085,BOTRICELLO,Catanzaro
B086,BOTRUGNO,Lecce
B088,BOTTANUCO,Bergamo
B091,BOTTICINO,Brescia
B094,BOTTIDDA,Sassari
B097,BOVA,Reggio di Calabria
B099,BOVA MARINA,Reggio di Calabria
B098,BOVALINO,Reggio di Calabria
B100,BOVEGNO,Brescia
B101,BOVES,Cuneo
B102,BOVEZZO,Brescia
A720,BOVILLE ERNICA,Frosinone
B104,BOVINO,Foggia
B105,BOVISIO-MASCIAGO,Monza e della Brianza
B106,BOVOLENTA,Padova
B107,BOVOLONE,Verona
B109,BOZZOLE,Alessandria
B110,BOZZOLO,Mantova
B111,BRA,Cuneo
B112,BRACCA,Bergamo
B114,BRACCIANO,Roma
B115,BRACIGLIANO,Salerno
B116,BRAIES/PRAGS,Bolzano
B117,BRALLO DI PREGOLA,Pavia
B118,BRANCALEONE,Reggio di Calabria
B120,BRANDICO,Brescia
B121,BRANDIZZO,Torino
B123,BRANZI,Bergamo
B124,BRAONE,Brescia
B126,BREBBIA,Varese
B128,BREDA DI PIAVE,Treviso
B132,BREGANZE,Vicenza
B134,BREGNANO,Como
B137,BREMBATE,Bergamo
B138,BREMBATE DI SOPRA,Bergamo
B141,BREMBIO,Lodi
B142,BREME,Pavia
B143,BRENDOLA,Vicenza
B144,BRENNA,Como
B145,BRENNERO/BRENNER,Bolzano
B149,BRENO,Brescia
B150,BRENTA,Varese
B152,BRENTINO BELLUNO,Verona
B153,BRENTONICO,Trento
B154,BRENZONE SUL GARDA,Verona
B156,BRESCELLO,Reggio nell'Emilia
B157,BRESCIA,Brescia
B158,BRESIMO,Trento
B159,BRESSANA BOTTARONE,Pavia
B160,BRESSANONE/BRIXEN,Bolzano
B161,BRESSANVIDO,Vicenza
B162,BRESSO,Milano
B166,BREZZO DI BEDERO,Varese
B167,BRIAGLIA,Cuneo
B169,BRIATICO,Vibo Valentia
B171,BRICHERASIO,Torino
B172,BRIENNO,Como
B173,BRIENZA,Potenza
B175,BRIGA ALTA,Cuneo
B176,BRIGA NOVARESE,Novara
B179,BRIGNANO FRASCATA,Alessandria
B178,BRIGNANO GERA D'ADDA,Bergamo
B180,BRINDISI,Brindisi
B181,BRINDISI MONTAGNA,Potenza
B182,BRINZIO,Varese
B183,BRIONA,Novara
B184,BRIONE,Brescia
B187,BRIOSCO,Monza e della Brianza
B188,BRISIGHELLA,Ravenna
B191,BRISSAGO-VALTRAVAGLIA,Varese
B192,BRISSOGNE,Aosta
B193,BRITTOLI,Pescara
B194,BRIVIO,Lecco
B195,BROCCOSTELLA,Frosinone
B196,BROGLIANO,Vicenza
B197,BROGNATURO,Vibo Valentia
B198,BROLO,Messina
B200,BRONDELLO,Cuneo
B201,BRONI,Pavia
B202,BRONTE,Catania
B203,BRONZOLO/BRANZOLL,Bolzano
B204,BROSSASCO,Cuneo
B205,BROSSO,Torino
B207,BROVELLO-CARPUGNINO,Verbano-Cusio-Ossola
B209,BROZOLO,Torino
B212,BRUGHERIO,Monza e della Brianza
B213,BRUGINE,Padova
B214,BRUGNATO,La Spezia
B215,BRUGNERA,Pordenone
B216,BRUINO,Torino
B217,BRUMANO,Bergamo
B218,BRUNATE,Como
B219,BRUNELLO,Varese
B220,BRUNICO/BRUNECK,Bolzano
B221,BRUNO,Asti
B223,BRUSAPORTO,Bergamo
B225,BRUSASCO,Torino
B227,BRUSCIANO,Napoli
B228,BRUSIMPIANO,Varese
B229,BRUSNENGO,Biella
B230,BRUSSON,Aosta
B232,BRUZOLO,Torino
B234,BRUZZANO ZEFFIRIO,Reggio di Calabria
B235,BUBBIANO,Milano
B236,BUBBIO,Asti
B237,BUCCHERI,Siracusa
B238,BUCCHIANICO,Chieti
B239,BUCCIANO,Benevento
B240,BUCCINASCO,Milano
B242,BUCCINO,Salerno
B243,BUCINE,Arezzo
B246,BUDDUSO',Sassari
B247,BUDOIA,Pordenone
B248,BUDONI,Sassari
B249,BUDRIO,Bologna
B250,BUGGERRU,Sud Sardegna
B251,BUGGIANO,Pistoia
B255,BUGLIO IN MONTE,Sondrio
B256,BUGNARA,L'Aquila
B258,BUGUGGIATE,Varese
B259,BUJA,Udine
B261,BULCIAGO,Lecco
B262,BULGAROGRASSO,Como
B264,BULTEI,Sassari
B265,BULZI,Sassari
B266,BUONABITACOLO,Salerno
B267,BUONALBERGO,Benevento
B269,BUONCONVENTO,Siena
B270,BUONVICINO,Cosenza
B272,BURAGO DI MOLGORA,Monza e della Brianza
B274,BURCEI,Sud Sardegna
B275,BURGIO,Agrigento
B276,BURGOS,Sassari
B278,BURIASCO,Torino
B279,BUROLO,Torino
B280,BURONZO,Vercelli
B281,BUSACHI,Oristano
B282,BUSALLA,Genova
B284,BUSANO,Torino
B285,BUSCA,Cuneo
B286,BUSCATE,Milano
B287,BUSCEMI,Siracusa
B288,BUSETO PALIZZOLO,Trapani
B289,BUSNAGO,Monza e della Brianza
B292,BUSSERO,Milano
B293,BUSSETO,Parma
B294,BUSSI SUL TIRINO,Pescara
B295,BUSSO,Campobasso
B296,BUSSOLENGO,Verona
B297,BUSSOLENO,Torino
B300,BUSTO ARSIZIO,Varese
B301,BUSTO GAROLFO,Milano
B302,BUTERA,Caltanissetta
B303,BUTI,Pisa
B304,BUTTAPIETRA,Verona
B305,BUTTIGLIERA ALTA,Torino
B306,BUTTIGLIERA D'ASTI,Asti
B309,BUTTRIO,Udine
B311,CABELLA LIGURE,Alessandria
B313,CABIATE,Como
B314,CABRAS,Oristano
B315,CACCAMO,Palermo
B319,CACCURI,Crotone
B326,CADEGLIANO-VICONAGO,Varese
B328,CADELBOSCO DI SOPRA,Reggio nell'Emilia
B332,CADEO,Piacenza
B335,CADERZONE TERME,Trento
B345,CADONEGHE,Padova
B346,CADORAGO,Como
M425,CADREZZATE CON OSMATE,Varese
B349,CAERANO DI SAN MARCO,Treviso
B350,CAFASSE,Torino
B351,CAGGIANO,Salerno
B352,CAGLI,Pesaro e Urbino
B354,CAGLIARI,Cagliari
B355,CAGLIO,Como
B358,CAGNANO AMITERNO,L'Aquila
B357,CAGNANO VARANO,Foggia
B361,CAIANELLO,Caserta
B362,CAIAZZO,Caserta
B364,CAINES/KUENS,Bolzano
B365,CAINO,Brescia
B366,CAIOLO,Sondrio
B367,CAIRANO,Avellino
B368,CAIRATE,Varese
B369,CAIRO MONTENOTTE,Savona
B371,CAIVANO,Napoli
B374,CALABRITTO,Avellino
B375,CALALZO DI CADORE,Belluno
B376,CALAMANDRANA,Asti
B377,CALAMONACI,Agrigento
B378,CALANGIANUS,Sassari
B379,CALANNA,Reggio di Calabria
B380,CALASCA-CASTIGLIONE,Verbano-Cusio-Ossola
B381,CALASCIBETTA,Enna
B382,CALASCIO,L'Aquila
B383,CALASETTA,Sud Sardegna
B384,CALATABIANO,Catania
B385,CALATAFIMI SEGESTA,Trapani
B388,CALCATA,Viterbo
B389,CALCERANICA AL LAGO,Trento
B390,CALCI,Pisa
B391,CALCIANO,Matera
B392,CALCINAIA,Pisa
B393,CALCINATE,Bergamo
B394,CALCINATO,Brescia
B395,CALCIO,Bergamo
B396,CALCO,Lecco
B397,CALDARO SULLA STRADA DEL VINO/KALTERN AN DER WEINSTRASSE,Bolzano
B398,CALDAROLA,Macerata
B399,CALDERARA DI RENO,Bologna
B400,CALDES,Trento
B402,CALDIERO,Verona
B403,CALDOGNO,Vicenza
B404,CALDONAZZO,Trento
B405,CALENDASCO,Piacenza
B406,CALENZANO,Firenze
B408,CALESTANO,Parma
B410,CALICE AL CORNOVIGLIO,La Spezia
B409,CALICE LIGURE,Savona
B413,CALIMERA,Lecce
B415,CALITRI,Avellino
B416,CALIZZANO,Savona
B417,CALLABIANA,Biella
B419,CALLIANO,Trento
B418,CALLIANO MONFERRATO,Asti
B423,CALOLZIOCORTE,Lecco
B424,CALOPEZZATI,Cosenza
B425,CALOSSO,Asti
B426,CALOVETO,Cosenza
B427,CALTABELLOTTA,Agrigento
B428,CALTAGIRONE,Catania
B429,CALTANISSETTA,Caltanissetta
B430,CALTAVUTURO,Palermo
B431,CALTIGNAGA,Novara
B432,CALTO,Rovigo
B433,CALTRANO,Vicenza
B434,CALUSCO D'ADDA,Bergamo
B435,CALUSO,Torino
B436,CALVAGESE DELLA RIVIERA,Brescia
B437,CALVANICO,Salerno
B439,CALVATONE,Cremona
B440,CALVELLO,Potenza
B441,CALVENE,Vicenza
B442,CALVENZANO,Bergamo
B443,CALVERA,Potenza
B444,CALVI,Benevento
B446,CALVI DELL'UMBRIA,Terni
B445,CALVI RISORTA,Caserta
B447,CALVIGNANO,Pavia
B448,CALVIGNASCO,Milano
B450,CALVISANO,Brescia
B452,CALVIZZANO,Napoli
B453,CAMAGNA MONFERRATO,Alessandria
B455,CAMAIORE,Lucca
B457,CAMANDONA,Biella
B460,CAMASTRA,Agrigento
B461,CAMBIAGO,Milano
B462,CAMBIANO,Torino
B463,CAMBIASCA,Verbano-Cusio-Ossola
B465,CAMBURZANO,Biella
B467,CAMERANA,Cuneo
B468,CAMERANO,Ancona
B469,CAMERANO CASASCO,Asti
B471,CAMERATA CORNELLO,Bergamo
B472,CAMERATA NUOVA,Roma
B470,CAMERATA PICENA,Ancona
B473,CAMERI,Novara
B474,CAMERINO,Macerata
B476,CAMEROTA,Salerno
B477,CAMIGLIANO,Caserta
B481,CAMINI,Reggio di Calabria
B482,CAMINO,Alessandria
B483,CAMINO AL TAGLIAMENTO,Udine
B484,CAMISANO,Cremona
B485,CAMISANO VICENTINO,Vicenza
B486,CAMMARATA,Agrigento
B490,CAMOGLI,Genova
B492,CAMPAGNA,Salerno
B493,CAMPAGNA LUPIA,Venezia
B496,CAMPAGNANO DI ROMA,Roma
B497,CAMPAGNATICO,Grosseto
B498,CAMPAGNOLA CREMASCA,Cremona
B499,CAMPAGNOLA EMILIA,Reggio nell'Emilia
B500,CAMPANA,Cosenza
B501,CAMPARADA,Monza e della Brianza
B502,CAMPEGINE,Reggio nell'Emilia
B504,CAMPELLO SUL CLITUNNO,Perugia
B505,CAMPERTOGNO,Vercelli
B507,CAMPI BISENZIO,Firenze
B506,CAMPI SALENTINA,Lecce
M373,CAMPIGLIA CERVO,Biella
B511,CAMPIGLIA DEI BERICI,Vicenza
B509,CAMPIGLIA MARITTIMA,Livorno
B512,CAMPIGLIONE FENILE,Torino
B513,CAMPIONE D'ITALIA,Como
B514,CAMPITELLO DI FASSA,Trento
B515,CAMPLI,Teramo
B516,CAMPO CALABRO,Reggio di Calabria
B526,CAMPO DI GIOVE,L'Aquila
B529,CAMPO DI TRENS/FREIENFELD,Bolzano
B538,CAMPO LIGURE,Genova
B553,CAMPO NELL'ELBA,Livorno
B564,CAMPO SAN MARTINO,Padova
B570,CAMPO TURES/SAND IN TAUFERS,Bolzano
B519,CAMPOBASSO,Campobasso
B520,CAMPOBELLO DI LICATA,Agrigento
B521,CAMPOBELLO DI MAZARA,Trapani
B522,CAMPOCHIARO,Campobasso
B524,CAMPODARSEGO,Padova
B525,CAMPODENNO,Trento
B527,CAMPODIMELE,Latina
B528,CAMPODIPIETRA,Campobasso
B530,CAMPODOLCINO,Sondrio
B531,CAMPODORO,Padova
B533,CAMPOFELICE DI FITALIA,Palermo
B532,CAMPOFELICE DI ROCCELLA,Palermo
B534,CAMPOFILONE,Fermo
B535,CAMPOFIORITO,Palermo
B536,CAMPOFORMIDO,Udine
B537,CAMPOFRANCO,Caltanissetta
B539,CAMPOGALLIANO,Modena
B541,CAMPOLATTARO,Benevento
B543,CAMPOLI APPENNINO,Frosinone
B542,CAMPOLI DEL MONTE TABURNO,Benevento
B544,CAMPOLIETO,Campobasso
B546,CAMPOLONGO MAGGIORE,Venezia
M311,CAMPOLONGO TAPOGLIANO,Udine
B549,CAMPOMAGGIORE,Potenza
B550,CAMPOMARINO,Campobasso
B551,CAMPOMORONE,Genova
B554,CAMPONOGARA,Venezia
B555,CAMPORA,Salerno
B556,CAMPOREALE,Palermo
B557,CAMPORGIANO,Lucca
B559,CAMPOROSSO,Imperia
B562,CAMPOROTONDO DI FIASTRONE,Macerata
B561,CAMPOROTONDO ETNEO,Catania
B563,CAMPOSAMPIERO,Padova
B565,CAMPOSANO,Napoli
B566,CAMPOSANTO,Modena
B567,CAMPOSPINOSO ALBAREDO,Pavia
B569,CAMPOTOSTO,L'Aquila
B572,CAMUGNANO,Bologna
B577,CANAL SAN BOVO,Trento
B573,CANALE,Cuneo
B574,CANALE D'AGORDO,Belluno
B576,CANALE MONTERANO,Roma
B578,CANARO,Rovigo
B579,CANAZEI,Trento
B580,CANCELLARA,Potenza
B581,CANCELLO ED ARNONE,Caserta
B582,CANDA,Rovigo
B584,CANDELA,Foggia
B586,CANDELO,Biella
B588,CANDIA CANAVESE,Torino
B587,CANDIA LOMELLINA,Pavia
B589,CANDIANA,Padova
B590,CANDIDA,Avellino
B591,CANDIDONI,Reggio di Calabria
B592,CANDIOLO,Torino
B593,CANEGRATE,Milano
B594,CANELLI,Asti
B597,CANEPINA,Viterbo
B598,CANEVA,Pordenone
B602,CANICATTI',Agrigento
B603,CANICATTINI BAGNI,Siracusa
B604,CANINO,Viterbo
B605,CANISCHIO,Torino
B606,CANISTRO,L'Aquila
B607,CANNA,Cosenza
B608,CANNALONGA,Salerno
B609,CANNARA,Perugia
B610,CANNERO RIVIERA,Verbano-Cusio-Ossola
B613,CANNETO PAVESE,Pavia
B612,CANNETO SULL'OGLIO,Mantova
B615,CANNOBIO,Verbano-Cusio-Ossola
B616,CANNOLE,Lecce
B617,CANOLO,Reggio di Calabria
B618,CANONICA D'ADDA,Bergamo
B619,CANOSA DI PUGLIA,Barletta-Andria-Trani
B620,CANOSA SANNITA,Chieti
B621,CANOSIO,Cuneo
C669,CANOSSA,Reggio nell'Emilia
B624,CANSANO,L'Aquila
B626,CANTAGALLO,Prato
B627,CANTALICE,Rieti
B628,CANTALUPA,Torino
B631,CANTALUPO IN SABINA,Rieti
B629,CANTALUPO LIGURE,Alessandria
B630,CANTALUPO NEL SANNIO,Isernia
B633,CANTARANA,Asti
B634,CANTELLO,Varese
B635,CANTERANO,Roma
B636,CANTIANO,Pesaro e Urbino
B637,CANTOIRA,Torino
B639,CANTU',Como
B640,CANZANO,Teramo
B641,CANZO,Como
B642,CAORLE,Venezia
B643,CAORSO,Piacenza
B644,CAPACCIO PAESTUM,Salerno
B645,CAPACI,Palermo
B646,CAPALBIO,Grosseto
B647,CAPANNOLI,Pisa
B648,CAPANNORI,Lucca
B649,CAPENA,Roma
B650,CAPERGNANICA,Cremona
B651,CAPESTRANO,L'Aquila
B653,CAPIAGO INTIMIANO,Como
B655,CAPISTRANO,Vibo Valentia
B656,CAPISTRELLO,L'Aquila
B658,CAPITIGNANO,L'Aquila
B660,CAPIZZI,Messina
B661,CAPIZZONE,Bergamo
B666,CAPO D'ORLANDO,Messina
B664,CAPO DI PONTE,Brescia
B663,CAPODIMONTE,Viterbo
B667,CAPODRISE,Caserta
B669,CAPOLIVERI,Livorno
B670,CAPOLONA,Arezzo
B671,CAPONAGO,Monza e della Brianza
B672,CAPORCIANO,L'Aquila
B674,CAPOSELE,Avellino
B675,CAPOTERRA,Cagliari
B676,CAPOVALLE,Brescia
B677,CAPPADOCIA,L'Aquila
B679,CAPPELLA CANTONE,Cremona
B680,CAPPELLA DE' PICENARDI,Cremona
B678,CAPPELLA MAGGIORE,Treviso
B681,CAPPELLE SUL TAVO,Pescara
B682,CAPRACOTTA,Isernia
B684,CAPRAIA E LIMITE,Firenze
B685,CAPRAIA ISOLA,Livorno
B686,CAPRALBA,Cremona
B688,CAPRANICA,Viterbo
B687,CAPRANICA PRENESTINA,Roma
B690,CAPRARICA DI LECCE,Lecce
B691,CAPRAROLA,Viterbo
B692,CAPRAUNA,Cuneo
B693,CAPRESE MICHELANGELO,Arezzo
B694,CAPREZZO,Verbano-Cusio-Ossola
B696,CAPRI,Napoli
B695,CAPRI LEONE,Messina
B697,CAPRIANA,Trento
B698,CAPRIANO DEL COLLE,Brescia
B701,CAPRIATA D'ORBA,Alessandria
B703,CAPRIATE SAN GERVASIO,Bergamo
B704,CAPRIATI A VOLTURNO,Caserta
B705,CAPRIE,Torino
B706,CAPRIGLIA IRPINA,Avellino
B707,CAPRIGLIO,Asti
B708,CAPRILE,Biella
B710,CAPRINO BERGAMASCO,Bergamo
B709,CAPRINO VERONESE,Verona
B711,CAPRIOLO,Brescia
B712,CAPRIVA DEL FRIULI,Gorizia
B715,CAPUA,Caserta
B716,CAPURSO,Bari
B718,CARAFFA DEL BIANCO,Reggio di Calabria
B717,CARAFFA DI CATANZARO,Catanzaro
B719,CARAGLIO,Cuneo
B720,CARAMAGNA PIEMONTE,Cuneo
B722,CARAMANICO TERME,Pescara
B724,CARAPELLE,Foggia
B725,CARAPELLE CALVISIO,L'Aquila
B726,CARASCO,Genova
B727,CARASSAI,Ascoli Piceno
B729,CARATE BRIANZA,Monza e della Brianza
B730,CARATE URIO,Como
B731,CARAVAGGIO,Bergamo
B732,CARAVATE,Varese
B733,CARAVINO,Torino
B734,CARAVONICA,Imperia
B735,CARBOGNANO,Viterbo
B741,CARBONARA AL TICINO,Pavia
B740,CARBONARA DI NOLA,Napoli
B736,CARBONARA SCRIVIA,Alessandria
B742,CARBONATE,Como
B743,CARBONE,Potenza
B744,CARBONERA,Treviso
B745,CARBONIA,Sud Sardegna
B748,CARCARE,Savona
B752,CARCOFORO,Vercelli
B754,CARDANO AL CAMPO,Varese
B755,CARDE',Cuneo
M285,CARDEDU,Nuoro
B756,CARDETO,Reggio di Calabria
B758,CARDINALE,Catanzaro
B759,CARDITO,Napoli
B760,CAREGGINE,Lucca
B762,CAREMA,Torino
B763,CARENNO,Lecco
B765,CARENTINO,Alessandria
B766,CARERI,Reggio di Calabria
B767,CARESANA,Vercelli
B768,CARESANABLOT,Vercelli
B769,CAREZZANO,Alessandria
B771,CARFIZZI,Crotone
B772,CARGEGHE,Sassari
B774,CARIATI,Cosenza
B776,CARIFE,Avellino
B777,CARIGNANO,Torino
B778,CARIMATE,Como
B779,CARINARO,Caserta
B780,CARINI,Palermo
B781,CARINOLA,Caserta
B782,CARISIO,Vercelli
B783,CARISOLO,Trento
B784,CARLANTINO,Foggia
B785,CARLAZZO,Como
B787,CARLENTINI,Siracusa
B788,CARLINO,Udine
B789,CARLOFORTE,Sud Sardegna
B790,CARLOPOLI,Catanzaro
B791,CARMAGNOLA,Torino
B792,CARMIANO,Lecce
B794,CARMIGNANO,Prato
B795,CARMIGNANO DI BRENTA,Padova
B796,CARNAGO,Varese
B798,CARNATE,Monza e della Brianza
B801,CAROBBIO DEGLI ANGELI,Bergamo
B802,CAROLEI,Cosenza
B803,CARONA,Bergamo
B804,CARONIA,Messina
B805,CARONNO PERTUSELLA,Varese
B807,CARONNO VARESINO,Varese
B808,CAROSINO,Taranto
B809,CAROVIGNO,Brindisi
B810,CAROVILLI,Isernia
B812,CARPANETO PIACENTINO,Piacenza
B813,CARPANZANO,Cosenza
B816,CARPEGNA,Pesaro e Urbino
B817,CARPENEDOLO,Brescia
B818,CARPENETO,Alessandria
B819,CARPI,Modena
B820,CARPIANO,Milano
B822,CARPIGNANO SALENTINO,Lecce
B823,CARPIGNANO SESIA,Novara
B825,CARPINETI,Reggio nell'Emilia
B827,CARPINETO DELLA NORA,Pescara
B828,CARPINETO ROMANO,Roma
B826,CARPINETO SINELLO,Chieti
B829,CARPINO,Foggia
B830,CARPINONE,Isernia
B832,CARRARA,Massa Carrara
B835,CARRE',Vicenza
B836,CARREGA LIGURE,Alessandria
B838,CARRO,La Spezia
B839,CARRODANO,La Spezia
B840,CARROSIO,Alessandria
B841,CARRU',Cuneo
B842,CARSOLI,L'Aquila
B844,CARTIGLIANO,Vicenza
B845,CARTIGNANO,Cuneo
B846,CARTOCETO,Pesaro e Urbino
B847,CARTOSIO,Alessandria
B848,CARTURA,Padova
B850,CARUGATE,Milano
B851,CARUGO,Como
B853,CARUNCHIO,Chieti
B854,CARVICO,Bergamo
B856,CARZANO,Trento
B857,CASABONA,Crotone
B858,CASACALENDA,Campobasso
B859,CASACANDITELLA,Chieti
B860,CASAGIOVE,Caserta
B870,CASAL CERMELLI,Alessandria
B872,CASAL DI PRINCIPE,Caserta
B895,CASAL VELINO,Salerno
B861,CASALANGUIDA,Chieti
B862,CASALATTICO,Frosinone
B864,CASALBELTRAME,Novara
B865,CASALBORDINO,Chieti
B866,CASALBORE,Avellino
B867,CASALBORGONE,Torino
B868,CASALBUONO,Salerno
B869,CASALBUTTANO ED UNITI,Cremona
B871,CASALCIPRANO,Campobasso
B873,CASALDUNI,Benevento
B876,CASALE CORTE CERRO,Verbano-Cusio-Ossola
B881,CASALE CREMASCO-VIDOLASCO,Cremona
B877,CASALE DI SCODOSIA,Padova
B875,CASALE LITTA,Varese
B878,CASALE MARITTIMO,Pisa
B885,CASALE MONFERRATO,Alessandria
B879,CASALE SUL SILE,Treviso
B880,CASALECCHIO DI RENO,Bologna
B882,CASALEGGIO BOIRO,Alessandria
B883,CASALEGGIO NOVARA,Novara
B886,CASALEONE,Verona
B889,CASALETTO CEREDANO,Cremona
B890,CASALETTO DI SOPRA,Cremona
B887,CASALETTO LODIGIANO,Lodi
B888,CASALETTO SPARTANO,Salerno
B891,CASALETTO VAPRIO,Cremona
B892,CASALFIUMANESE,Bologna
B893,CASALGRANDE,Reggio nell'Emilia
B894,CASALGRASSO,Cuneo
M385,CASALI DEL MANCO,Cosenza
B896,CASALINCONTRADA,Chieti
B897,CASALINO,Novara
B898,CASALMAGGIORE,Cremona
B899,CASALMAIOCCO,Lodi
B900,CASALMORANO,Cremona
B901,CASALMORO,Mantova
B902,CASALNOCETO,Alessandria
B905,CASALNUOVO DI NAPOLI,Napoli
B904,CASALNUOVO MONTEROTARO,Foggia
B907,CASALOLDO,Mantova
B910,CASALPUSTERLENGO,Lodi
B911,CASALROMANO,Mantova
B912,CASALSERUGO,Padova
B916,CASALUCE,Caserta
B917,CASALVECCHIO DI PUGLIA,Foggia
B918,CASALVECCHIO SICULO,Messina
B919,CASALVIERI,Frosinone
B920,CASALVOLONE,Novara
B921,CASALZUIGNO,Varese
B922,CASAMARCIANO,Napoli
B923,CASAMASSIMA,Bari
B924,CASAMICCIOLA TERME,Napoli
B925,CASANDRINO,Napoli
B928,CASANOVA ELVO,Vercelli
B927,CASANOVA LERRONE,Savona
B929,CASANOVA LONATI,Pavia
B932,CASAPE,Roma
M260,CASAPESENNA,Caserta
B933,CASAPINTA,Biella
B934,CASAPROTA,Rieti
B935,CASAPULLA,Caserta
B936,CASARANO,Lecce
B937,CASARGO,Lecco
B938,CASARILE,Milano
B940,CASARSA DELLA DELIZIA,Pordenone
B939,CASARZA LIGURE,Genova
B941,CASASCO,Alessandria
B943,CASATENOVO,Lecco
B945,CASATISMA,Pavia
B946,CASAVATORE,Napoli
B947,CASAZZA,Bergamo
B948,CASCIA,Perugia
B949,CASCIAGO,Varese
M327,CASCIANA TERME LARI,Pisa
B950,CASCINA,Pisa
B953,CASCINETTE D'IVREA,Torino
B954,CASEI GEROLA,Pavia
B955,CASELETTE,Torino
B956,CASELLA,Genova
B959,CASELLE IN PITTARI,Salerno
B961,CASELLE LANDI,Lodi
B958,CASELLE LURANI,Lodi
B960,CASELLE TORINESE,Torino
B963,CASERTA,Caserta
B965,CASIER,Treviso
B966,CASIGNANA,Reggio di Calabria
B967,CASINA,Reggio nell'Emilia
B971,CASIRATE D'ADDA,Bergamo
B974,CASLINO D'ERBA,Como
B977,CASNATE CON BERNATE,Como
B978,CASNIGO,Bergamo
B980,CASOLA DI NAPOLI,Napoli
B979,CASOLA IN LUNIGIANA,Massa Carrara
B982,CASOLA VALSENIO,Ravenna
B984,CASOLE D'ELSA,Siena
B985,CASOLI,Chieti
B988,CASORATE PRIMO,Pavia
B987,CASORATE SEMPIONE,Varese
B989,CASOREZZO,Milano
B990,CASORIA,Napoli
B991,CASORZO MONFERRATO,Asti
A472,CASPERIA,Rieti
B993,CASPOGGIO,Sondrio
B994,CASSACCO,Udine
B996,CASSAGO BRIANZA,Lecco
C002,CASSANO ALL'IONIO,Cosenza
C003,CASSANO D'ADDA,Milano
B998,CASSANO DELLE MURGE,Bari
B997,CASSANO IRPINO,Avellino
C004,CASSANO MAGNAGO,Varese
M388,CASSANO SPINOLA,Alessandria
B999,CASSANO VALCUVIA,Varese
C006,CASSARO,Siracusa
C007,CASSIGLIO,Bergamo
C014,CASSINA DE' PECCHI,Milano
C020,CASSINA RIZZARDI,Como
C024,CASSINA VALSASSINA,Lecco
C022,CASSINASCO,Asti
C027,CASSINE,Alessandria
C030,CASSINELLE,Alessandria
C033,CASSINETTA DI LUGAGNANO,Milano
C034,CASSINO,Frosinone
C037,CASSOLA,Vicenza
C038,CASSOLNOVO,Pavia
C041,CASTAGNARO,Verona
C044,CASTAGNETO CARDUCCI,Livorno
C045,CASTAGNETO PO,Torino
C046,CASTAGNITO,Cuneo
C049,CASTAGNOLE DELLE LANZE,Asti
C047,CASTAGNOLE MONFERRATO,Asti
C048,CASTAGNOLE PIEMONTE,Torino
C050,CASTANA,Pavia
C052,CASTANO PRIMO,Milano
C053,CASTEGGIO,Pavia
C055,CASTEGNATO,Brescia
C056,CASTEGNERO,Vicenza
C058,CASTEL BARONIA,Avellino
C064,CASTEL BOGLIONE,Asti
C065,CASTEL BOLOGNESE,Ravenna
B494,CASTEL CAMPAGNANO,Caserta
C040,CASTEL CASTAGNA,Teramo
C183,CASTEL CONDINO,Trento
C075,CASTEL D'AIANO,Bologna
C076,CASTEL D'ARIO,Mantova
C078,CASTEL D'AZZANO,Verona
C082,CASTEL DEL GIUDICE,Isernia
C083,CASTEL DEL MONTE,L'Aquila
C085,CASTEL DEL PIANO,Grosseto
C086,CASTEL DEL RIO,Bologna
B969,CASTEL DI CASIO,Bologna
C090,CASTEL DI IERI,L'Aquila
C091,CASTEL DI IUDICA,Catania
C093,CASTEL DI LAMA,Ascoli Piceno
C094,CASTEL DI LUCIO,Messina
C096,CASTEL DI SANGRO,L'Aquila
C097,CASTEL DI SASSO,Caserta
C098,CASTEL DI TORA,Rieti
C102,CASTEL FOCOGNANO,Arezzo
C114,CASTEL FRENTANO,Chieti
C115,CASTEL GABBIANO,Cremona
C116,CASTEL GANDOLFO,Roma
C117,CASTEL GIORGIO,Terni
C118,CASTEL GOFFREDO,Mantova
C121,CASTEL GUELFO DI BOLOGNA,Bologna
M354,CASTEL IVANO,Trento
C203,CASTEL MADAMA,Roma
C204,CASTEL MAGGIORE,Bologna
C208,CASTEL MELLA,Brescia
C211,CASTEL MORRONE,Caserta
C252,CASTEL RITALDI,Perugia
C253,CASTEL ROCCHERO,Asti
C255,CASTEL ROZZONE,Bergamo
C259,CASTEL SAN GIORGIO,Salerno
C261,CASTEL SAN GIOVANNI,Piacenza
C262,CASTEL SAN LORENZO,Salerno
C263,CASTEL SAN NICCOLO',Arezzo
C266,CASTEL SAN PIETRO ROMANO,Roma
C265,CASTEL SAN PIETRO TERME,Bologna
C270,CASTEL SAN VINCENZO,Isernia
C268,CASTEL SANT'ANGELO,Rieti
C269,CASTEL SANT'ELIA,Viterbo
C289,CASTEL VISCARDO,Terni
C110,CASTEL VITTORIO,Imperia
C291,CASTEL VOLTURNO,Caserta
C057,CASTELBALDO,Padova
C059,CASTELBELFORTE,Mantova
C060,CASTELBELLINO,Ancona
C062,CASTELBELLO-CIARDES/KASTELBELL-TSCHARS,Bolzano
C063,CASTELBIANCO,Savona
C066,CASTELBOTTACCIO,Campobasso
C067,CASTELBUONO,Palermo
C069,CASTELCIVITA,Salerno
C072,CASTELCOVATI,Brescia
C073,CASTELCUCCO,Treviso
C074,CASTELDACCIA,Palermo
C080,CASTELDELCI,Rimini
C081,CASTELDELFINO,Cuneo
C089,CASTELDIDONE,Cremona
C100,CASTELFIDARDO,Ancona
C101,CASTELFIORENTINO,Firenze
C104,CASTELFORTE,Latina
C105,CASTELFRANCI,Avellino
C113,CASTELFRANCO DI SOTTO,Pisa
C107,CASTELFRANCO EMILIA,Modena
C106,CASTELFRANCO IN MISCANO,Benevento
M322,CASTELFRANCO PIANDISCO',Arezzo
C111,CASTELFRANCO VENETO,Treviso
M393,CASTELGERUNDO,Lodi
C119,CASTELGOMBERTO,Vicenza
C120,CASTELGRANDE,Potenza
C122,CASTELGUGLIELMO,Rovigo
C123,CASTELGUIDONE,Chieti
C127,CASTELL'ALFERO,Asti
C145,CASTELL'ARQUATO,Piacenza
C147,CASTELL'AZZARA,Grosseto
C051,CASTELL'UMBERTO,Messina
C125,CASTELLABATE,Salerno
C126,CASTELLAFIUME,L'Aquila
C128,CASTELLALTO,Teramo
C130,CASTELLAMMARE DEL GOLFO,Trapani
C129,CASTELLAMMARE DI STABIA,Napoli
C133,CASTELLAMONTE,Torino
C134,CASTELLANA GROTTE,Bari
C135,CASTELLANA SICULA,Palermo
C136,CASTELLANETA,Taranto
C137,CASTELLANIA COPPI,Alessandria
C139,CASTELLANZA,Varese
C142,CASTELLAR GUIDOBONO,Alessandria
C141,CASTELLARANO,Reggio nell'Emilia
C143,CASTELLARO,Imperia
C148,CASTELLAZZO BORMIDA,Alessandria
C149,CASTELLAZZO NOVARESE,Novara
C153,CASTELLEONE,Cremona
C152,CASTELLEONE DI SUASA,Ancona
C154,CASTELLERO,Asti
C155,CASTELLETTO CERVO,Biella
C156,CASTELLETTO D'ERRO,Alessandria
C158,CASTELLETTO D'ORBA,Alessandria
C157,CASTELLETTO DI BRANDUZZO,Pavia
C160,CASTELLETTO MERLI,Alessandria
C161,CASTELLETTO MOLINA,Asti
C162,CASTELLETTO MONFERRATO,Alessandria
C166,CASTELLETTO SOPRA TICINO,Novara
C165,CASTELLETTO STURA,Cuneo
C167,CASTELLETTO UZZONE,Cuneo
C169,CASTELLI,Teramo
C079,CASTELLI CALEPIO,Bergamo
C172,CASTELLINA IN CHIANTI,Siena
C174,CASTELLINA MARITTIMA,Pisa
C173,CASTELLINALDO D'ALBA,Cuneo
C175,CASTELLINO DEL BIFERNO,Campobasso
C176,CASTELLINO TANARO,Cuneo
C177,CASTELLIRI,Frosinone
B312,CASTELLO CABIAGLIO,Varese
C184,CASTELLO D'AGOGNA,Pavia
C185,CASTELLO D'ARGILE,Bologna
C178,CASTELLO DEL MATESE,Caserta
C186,CASTELLO DELL'ACQUA,Sondrio
A300,CASTELLO DI ANNONE,Asti
C187,CASTELLO DI BRIANZA,Lecco
C188,CASTELLO DI CISTERNA,Napoli
C190,CASTELLO DI GODEGO,Treviso
C194,CASTELLO TESINO,Trento
C189,CASTELLO-MOLINA DI FIEMME,Trento
C195,CASTELLUCCHIO,Mantova
C198,CASTELLUCCIO DEI SAURI,Foggia
C199,CASTELLUCCIO INFERIORE,Potenza
C201,CASTELLUCCIO SUPERIORE,Potenza
C202,CASTELLUCCIO VALMAGGIORE,Foggia
C205,CASTELMAGNO,Cuneo
C206,CASTELMARTE,Como
C207,CASTELMASSA,Rovigo
C197,CASTELMAURO,Campobasso
C209,CASTELMEZZANO,Potenza
C210,CASTELMOLA,Messina
C213,CASTELNOVETTO,Pavia
C215,CASTELNOVO BARIANO,Rovigo
C217,CASTELNOVO DEL FRIULI,Pordenone
C218,CASTELNOVO DI SOTTO,Reggio nell'Emilia
C219,CASTELNOVO NE' MONTI,Reggio nell'Emilia
C216,CASTELNUOVO,Trento
C226,CASTELNUOVO BELBO,Asti
C227,CASTELNUOVO BERARDENGA,Siena
C228,CASTELNUOVO BOCCA D'ADDA,Lodi
C229,CASTELNUOVO BORMIDA,Alessandria
C220,CASTELNUOVO BOZZENTE,Como
C230,CASTELNUOVO CALCEA,Asti
C231,CASTELNUOVO CILENTO,Salerno
C225,CASTELNUOVO DEL GARDA,Verona
C222,CASTELNUOVO DELLA DAUNIA,Foggia
C214,CASTELNUOVO DI CEVA,Cuneo
C235,CASTELNUOVO DI CONZA,Salerno
C224,CASTELNUOVO DI FARFA,Rieti
C236,CASTELNUOVO DI GARFAGNANA,Lucca
C237,CASTELNUOVO DI PORTO,Roma
C244,CASTELNUOVO DI VAL DI CECINA,Pisa
C232,CASTELNUOVO DON BOSCO,Asti
C240,CASTELNUOVO MAGRA,La Spezia
C241,CASTELNUOVO NIGRA,Torino
C223,CASTELNUOVO PARANO,Frosinone
C242,CASTELNUOVO RANGONE,Modena
C243,CASTELNUOVO SCRIVIA,Alessandria
C245,CASTELPAGANO,Benevento
C246,CASTELPETROSO,Isernia
C247,CASTELPIZZUTO,Isernia
C248,CASTELPLANIO,Ancona
C250,CASTELPOTO,Benevento
C251,CASTELRAIMONDO,Macerata
C254,CASTELROTTO/KASTELRUTH,Bolzano
C267,CASTELSANTANGELO SUL NERA,Macerata
C271,CASTELSARACENO,Potenza
C272,CASTELSARDO,Sassari
C273,CASTELSEPRIO,Varese
B968,CASTELSILANO,Crotone
C274,CASTELSPINA,Alessandria
C275,CASTELTERMINI,Agrigento
C181,CASTELVECCANA,Varese
C278,CASTELVECCHIO CALVISIO,L'Aquila
C276,CASTELVECCHIO DI ROCCA BARBENA,Savona
C279,CASTELVECCHIO SUBEQUO,L'Aquila
C280,CASTELVENERE,Benevento
B129,CASTELVERDE,Cremona
C200,CASTELVERRINO,Isernia
C284,CASTELVETERE IN VAL FORTORE,Benevento
C283,CASTELVETERE SUL CALORE,Avellino
C286,CASTELVETRANO,Trapani
C287,CASTELVETRO DI MODENA,Modena
C288,CASTELVETRO PIACENTINO,Piacenza
C290,CASTELVISCONTI,Cremona
C292,CASTENASO,Bologna
C293,CASTENEDOLO,Brescia
M288,CASTIADAS,Sud Sardegna
C318,CASTIGLION FIBOCCHI,Arezzo
C319,CASTIGLION FIORENTINO,Arezzo
C308,CASTIGLIONE A CASAURIA,Pescara
C302,CASTIGLIONE CHIAVARESE,Genova
C301,CASTIGLIONE COSENTINO,Cosenza
C304,CASTIGLIONE D'ADDA,Lodi
C313,CASTIGLIONE D'ORCIA,Siena
C296,CASTIGLIONE DEI PEPOLI,Bologna
C306,CASTIGLIONE DEL GENOVESI,Salerno
C309,CASTIGLIONE DEL LAGO,Perugia
C310,CASTIGLIONE DELLA PESCAIA,Grosseto
C312,CASTIGLIONE DELLE STIVIERE,Mantova
C303,CASTIGLIONE DI GARFAGNANA,Lucca
C297,CASTIGLIONE DI SICILIA,Catania
C314,CASTIGLIONE FALLETTO,Cuneo
C315,CASTIGLIONE IN TEVERINA,Viterbo
C298,CASTIGLIONE MESSER MARINO,Chieti
C316,CASTIGLIONE MESSER RAIMONDO,Teramo
C300,CASTIGLIONE OLONA,Varese
C317,CASTIGLIONE TINELLA,Cuneo
C307,CASTIGLIONE TORINESE,Torino
C321,CASTIGNANO,Ascoli Piceno
C322,CASTILENTI,Teramo
C323,CASTINO,Cuneo
C325,CASTIONE ANDEVENNO,Sondrio
C324,CASTIONE DELLA PRESOLANA,Bergamo
C327,CASTIONS DI STRADA,Udine
C329,CASTIRAGA VIDARDO,Lodi
C330,CASTO,Brescia
C331,CASTORANO,Ascoli Piceno
C332,CASTREZZATO,Brescia
C334,CASTRI DI LECCE,Lecce
C335,CASTRIGNANO DE' GRECI,Lecce
C336,CASTRIGNANO DEL CAPO,Lecce
C337,CASTRO,Bergamo
M261,CASTRO,Lecce
C338,CASTRO DEI VOLSCI,Frosinone
C339,CASTROCARO TERME E TERRA DEL SOLE,Forli'-Cesena
C340,CASTROCIELO,Frosinone
C341,CASTROFILIPPO,Agrigento
C108,CASTROLIBERO,Cosenza
C343,CASTRONNO,Varese
C344,CASTRONOVO DI SICILIA,Palermo
C345,CASTRONUOVO DI SANT'ANDREA,Potenza
C346,CASTROPIGNANO,Campobasso
C347,CASTROREALE,Messina
C348,CASTROREGIO,Cosenza
C349,CASTROVILLARI,Cosenza
C351,CATANIA,Catania
C352,CATANZARO,Catanzaro
C353,CATENANUOVA,Enna
C354,CATIGNANO,Pescara
C357,CATTOLICA,Rimini
C356,CATTOLICA ERACLEA,Agrigento
C285,CAULONIA,Reggio di Calabria
C359,CAUTANO,Benevento
C361,CAVA DE' TIRRENI,Salerno
C360,CAVA MANARA,Pavia
C363,CAVAGLIA',Biella
C364,CAVAGLIETTO,Novara
C365,CAVAGLIO D'AGOGNA,Novara
C369,CAVAGNOLO,Torino
C370,CAVAION VERONESE,Verona
C372,CAVALESE,Trento
C375,CAVALLERLEONE,Cuneo
C376,CAVALLERMAGGIORE,Cuneo
C377,CAVALLINO,Lecce
M308,CAVALLINO-TREPORTI,Venezia
C378,CAVALLIRIO,Novara
C380,CAVARENO,Trento
C381,CAVARGNA,Como
C382,CAVARIA CON PREMEZZO,Varese
C383,CAVARZERE,Venezia
C384,CAVASO DEL TOMBA,Treviso
C385,CAVASSO NUOVO,Pordenone
C387,CAVATORE,Alessandria
C389,CAVAZZO CARNICO,Udine
C390,CAVE,Roma
C392,CAVEDAGO,Trento
C393,CAVEDINE,Trento
C394,CAVENAGO D'ADDA,Lodi
C395,CAVENAGO DI BRIANZA,Monza e della Brianza
C396,CAVERNAGO,Bergamo
C398,CAVEZZO,Modena
C400,CAVIZZANA,Trento
C404,CAVOUR,Torino
C405,CAVRIAGO,Reggio nell'Emilia
C406,CAVRIANA,Mantova
C407,CAVRIGLIA,Arezzo
C409,CAZZAGO BRABBIA,Varese
C408,CAZZAGO SAN MARTINO,Brescia
C412,CAZZANO DI TRAMIGNA,Verona
C410,CAZZANO SANT'ANDREA,Bergamo
C413,CECCANO,Frosinone
C414,CECIMA,Pavia
C415,CECINA,Livorno
C417,CEDEGOLO,Brescia
C418,CEDRASCO,Sondrio
C420,CEFALA' DIANA,Palermo
C421,CEFALU',Palermo
C422,CEGGIA,Venezia
C424,CEGLIE MESSAPICA,Brindisi
C426,CELANO,L'Aquila
C428,CELENZA SUL TRIGNO,Chieti
C429,CELENZA VALFORTORE,Foggia
C430,CELICO,Cosenza
C435,CELLA DATI,Cremona
C432,CELLA MONTE,Alessandria
C436,CELLAMARE,Bari
C437,CELLARA,Cosenza
C438,CELLARENGO,Asti
C439,CELLATICA,Brescia
C444,CELLE DI BULGHERIA,Salerno
C441,CELLE DI MACRA,Cuneo
C442,CELLE DI SAN VITO,Foggia
C440,CELLE ENOMONDO,Asti
C443,CELLE LIGURE,Savona
C446,CELLENO,Viterbo
C447,CELLERE,Viterbo
C449,CELLINO ATTANASIO,Teramo
C448,CELLINO SAN MARCO,Brindisi
M398,CELLIO CON BREIA,Vercelli
M262,CELLOLE,Caserta
M355,CEMBRA LISIGNAGO,Trento
C453,CENADI,Catanzaro
C456,CENATE SOPRA,Bergamo
C457,CENATE SOTTO,Bergamo
C458,CENCENIGHE AGORDINO,Belluno
C459,CENE,Bergamo
C461,CENESELLI,Rovigo
C463,CENGIO,Savona
C466,CENTALLO,Cuneo
C469,CENTO,Ferrara
C470,CENTOLA,Salerno
C472,CENTRACHE,Catanzaro
M394,CENTRO VALLE INTELVI,Como
C471,CENTURIPE,Enna
C474,CEPAGATTI,Pescara
C476,CEPPALONI,Benevento
C478,CEPPO MORELLI,Verbano-Cusio-Ossola
C479,CEPRANO,Frosinone
C480,CERAMI,Enna
C481,CERANESI,Genova
C483,CERANO,Novara
C482,CERANO D'INTELVI,Como
C484,CERANOVA,Pavia
C485,CERASO,Salerno
C486,CERCEMAGGIORE,Campobasso
C487,CERCENASCO,Torino
C488,CERCEPICCOLA,Campobasso
C489,CERCHIARA DI CALABRIA,Cosenza
C492,CERCHIO,L'Aquila
C493,CERCINO,Sondrio
C494,CERCIVENTO,Udine
C495,CERCOLA,Napoli
C496,CERDA,Palermo
C498,CEREA,Verona
C500,CEREGNANO,Rovigo
C501,CERENZIA,Crotone
C497,CERES,Torino
C502,CERESARA,Mantova
C503,CERESETO,Alessandria
C504,CERESOLE ALBA,Cuneo
C505,CERESOLE REALE,Torino
C506,CERETE,Bergamo
C508,CERETTO LOMELLINA,Pavia
C509,CERGNAGO,Pavia
C510,CERIALE,Savona
C511,CERIANA,Imperia
C512,CERIANO LAGHETTO,Monza e della Brianza
C513,CERIGNALE,Piacenza
C514,CERIGNOLA,Foggia
C515,CERISANO,Cosenza
C516,CERMENATE,Como
A022,CERMES/TSCHERMS,Bolzano
C517,CERMIGNANO,Teramo
C520,CERNOBBIO,Como
C521,CERNUSCO LOMBARDONE,Lecco
C523,CERNUSCO SUL NAVIGLIO,Milano
C528,CERRETO D'ASTI,Asti
C524,CERRETO D'ESI,Ancona
C527,CERRETO DI SPOLETO,Perugia
C507,CERRETO GRUE,Alessandria
C529,CERRETO GUIDI,Firenze
C518,CERRETO LAZIALE,Roma
C525,CERRETO SANNITA,Benevento
C530,CERRETTO LANGHE,Cuneo
C531,CERRINA MONFERRATO,Alessandria
C532,CERRIONE,Biella
C536,CERRO AL LAMBRO,Milano
C534,CERRO AL VOLTURNO,Isernia
C537,CERRO MAGGIORE,Milano
C533,CERRO TANARO,Asti
C538,CERRO VERONESE,Verona
C539,CERSOSIMO,Potenza
C540,CERTALDO,Firenze
C541,CERTOSA DI PAVIA,Pavia
C542,CERVA,Catanzaro
C543,CERVARA DI ROMA,Roma
C544,CERVARESE SANTA CROCE,Padova
C545,CERVARO,Frosinone
C547,CERVASCA,Cuneo
C548,CERVATTO,Vercelli
C549,CERVENO,Brescia
C550,CERVERE,Cuneo
C551,CERVESINA,Pavia
C552,CERVETERI,Roma
C553,CERVIA,Ravenna
C554,CERVICATI,Cosenza
C555,CERVIGNANO D'ADDA,Lodi
C556,CERVIGNANO DEL FRIULI,Udine
C557,CERVINARA,Avellino
C558,CERVINO,Caserta
C559,CERVO,Imperia
C560,CERZETO,Cosenza
C561,CESA,Caserta
C563,CESANA BRIANZA,Lecco
C564,CESANA TORINESE,Torino
C565,CESANO BOSCONE,Milano
C566,CESANO MADERNO,Monza e della Brianza
C567,CESARA,Verbano-Cusio-Ossola
C568,CESARO',Messina
C569,CESATE,Milano
C573,CESENA,Forli'-Cesena
C574,CESENATICO,Forli'-Cesena
C576,CESINALI,Avellino
C578,CESIO,Imperia
C577,CESIOMAGGIORE,Belluno
C580,CESSALTO,Treviso
C581,CESSANITI,Vibo Valentia
C582,CESSAPALOMBO,Macerata
C583,CESSOLE,Asti
C584,CETARA,Salerno
C585,CETO,Brescia
C587,CETONA,Siena
C588,CETRARO,Cosenza
C589,CEVA,Cuneo
C591,CEVO,Brescia
C593,CHALLAND-SAINT-ANSELME,Aosta
C594,CHALLAND-SAINT-VICTOR,Aosta
C595,CHAMBAVE,Aosta
B491,CHAMOIS,Aosta
C596,CHAMPDEPRAZ,Aosta
B540,CHAMPORCHER,Aosta
C598,CHARVENSOD,Aosta
C294,CHATILLON,Aosta
C599,CHERASCO,Cuneo
C600,CHEREMULE,Sassari
C604,CHIALAMBERTO,Torino
C605,CHIAMPO,Vicenza
C606,CHIANCHE,Avellino
C608,CHIANCIANO TERME,Siena
C609,CHIANNI,Pisa
C610,CHIANOCCO,Torino
C612,CHIARAMONTE GULFI,Ragusa
C613,CHIARAMONTI,Sassari
C614,CHIARANO,Treviso
C615,CHIARAVALLE,Ancona
C616,CHIARAVALLE CENTRALE,Catanzaro
C618,CHIARI,Brescia
C619,CHIAROMONTE,Potenza
C620,CHIAUCI,Isernia
C621,CHIAVARI,Genova
C623,CHIAVENNA,Sondrio
C624,CHIAVERANO,Torino
C625,CHIENES/KIENS,Bolzano
C627,CHIERI,Torino
C630,CHIES D'ALPAGO,Belluno
C628,CHIESA IN VALMALENCO,Sondrio
C629,CHIESANUOVA,Torino
C631,CHIESINA UZZANESE,Pistoia
C632,CHIETI,Chieti
C633,CHIEUTI,Foggia
C634,CHIEVE,Cremona
C635,CHIGNOLO D'ISOLA,Bergamo
C637,CHIGNOLO PO,Pavia
C638,CHIOGGIA,Venezia
C639,CHIOMONTE,Torino
C640,CHIONS,Pordenone
C641,CHIOPRIS-VISCONE,Udine
C648,CHITIGNANO,Arezzo
C649,CHIUDUNO,Bergamo
C650,CHIUPPANO,Vicenza
C651,CHIURO,Sondrio
C653,CHIUSA DI PESIO,Cuneo
C655,CHIUSA DI SAN MICHELE,Torino
C654,CHIUSA SCLAFANI,Palermo
C652,CHIUSA/KLAUSEN,Bolzano
C656,CHIUSAFORTE,Udine
C657,CHIUSANICO,Imperia
C658,CHIUSANO D'ASTI,Asti
C659,CHIUSANO DI SAN DOMENICO,Avellino
C660,CHIUSAVECCHIA,Imperia
C661,CHIUSDINO,Siena
C662,CHIUSI,Siena
C663,CHIUSI DELLA VERNA,Arezzo
C665,CHIVASSO,Torino
M272,CIAMPINO,Roma
C668,CIANCIANA,Agrigento
C672,CIBIANA DI CADORE,Belluno
C673,CICAGNA,Genova
C674,CICALA,Catanzaro
C675,CICCIANO,Napoli
C676,CICERALE,Salerno
C677,CICILIANO,Roma
C678,CICOGNOLO,Cremona
C679,CICONIO,Torino
C680,CIGLIANO,Vercelli
C681,CIGLIE',Cuneo
C684,CIGOGNOLA,Pavia
C685,CIGOLE,Brescia
C686,CILAVEGNA,Pavia
C689,CIMADOLMO,Treviso
C691,CIMBERGO,Brescia
C695,CIMINA',Reggio di Calabria
C696,CIMINNA,Palermo
C697,CIMITILE,Napoli
C699,CIMOLAIS,Pordenone
C700,CIMONE,Trento
C701,CINAGLIO,Asti
C702,CINETO ROMANO,Roma
C703,CINGIA DE' BOTTI,Cremona
C704,CINGOLI,Macerata
C705,CINIGIANO,Grosseto
C707,CINISELLO BALSAMO,Milano
C708,CINISI,Palermo
C709,CINO,Sondrio
C710,CINQUEFRONDI,Reggio di Calabria
C711,CINTANO,Torino
C712,CINTE TESINO,Trento
C714,CINTO CAOMAGGIORE,Venezia
C713,CINTO EUGANEO,Padova
C715,CINZANO,Torino
C716,CIORLANO,Caserta
C718,CIPRESSA,Imperia
C719,CIRCELLO,Benevento
C722,CIRIE',Torino
C723,CIRIGLIANO,Matera
C724,CIRIMIDO,Como
C725,CIRO',Crotone
C726,CIRO' MARINA,Crotone
C727,CIS,Trento
C728,CISANO BERGAMASCO,Bergamo
C729,CISANO SUL NEVA,Savona
C730,CISERANO,Bergamo
C732,CISLAGO,Varese
C733,CISLIANO,Milano
C735,CISON DI VALMARINO,Treviso
C738,CISSONE,Cuneo
C739,CISTERNA D'ASTI,Asti
C740,CISTERNA DI LATINA,Latina
C741,CISTERNINO,Brindisi
C742,CITERNA,Perugia
C744,CITTA' DELLA PIEVE,Perugia
C745,CITTA' DI CASTELLO,Perugia
C750,CITTA' SANT'ANGELO,Pescara
C743,CITTADELLA,Padova
C746,CITTADUCALE,Rieti
C747,CITTANOVA,Reggio di Calabria
C749,CITTAREALE,Rieti
C751,CITTIGLIO,Varese
C752,CIVATE,Lecco
C755,CIVEZZA,Imperia
C756,CIVEZZANO,Trento
C757,CIVIASCO,Vercelli
C758,CIVIDALE DEL FRIULI,Udine
C759,CIVIDATE AL PIANO,Bergamo
C760,CIVIDATE CAMUNO,Brescia
C763,CIVITA,Cosenza
C765,CIVITA CASTELLANA,Viterbo
C766,CIVITA D'ANTINO,L'Aquila
C764,CIVITACAMPOMARANO,Campobasso
C768,CIVITALUPARELLA,Chieti
C769,CIVITANOVA DEL SANNIO,Isernia
C770,CIVITANOVA MARCHE,Macerata
C771,CIVITAQUANA,Pescara
C773,CIVITAVECCHIA,Roma
C778,CIVITELLA ALFEDENA,L'Aquila
C779,CIVITELLA CASANOVA,Pescara
C780,CIVITELLA D'AGLIANO,Viterbo
C781,CIVITELLA DEL TRONTO,Teramo
C777,CIVITELLA DI ROMAGNA,Forli'-Cesena
C774,CIVITELLA IN VAL DI CHIANA,Arezzo
C776,CIVITELLA MESSER RAIMONDO,Chieti
C782,CIVITELLA PAGANICO,Grosseto
C783,CIVITELLA ROVETO,L'Aquila
C784,CIVITELLA SAN PAOLO,Roma
C785,CIVO,Sondrio
C787,CLAINO CON OSTENO,Como
C790,CLAUT,Pordenone
C791,CLAUZETTO,Pordenone
C792,CLAVESANA,Cuneo
C793,CLAVIERE,Torino
C794,CLES,Trento
C795,CLETO,Cosenza
C796,CLIVIO,Varese
C800,CLUSONE,Bergamo
C801,COASSOLO TORINESE,Torino
C803,COAZZE,Torino
C804,COAZZOLO,Asti
C806,COCCAGLIO,Brescia
C807,COCCONATO,Asti
C810,COCQUIO-TREVISAGO,Varese
C811,COCULLO,L'Aquila
C812,CODEVIGO,Padova
C813,CODEVILLA,Pavia
C814,CODIGORO,Ferrara
C815,CODOGNE',Treviso
C816,CODOGNO,Lodi
C817,CODROIPO,Udine
C818,CODRONGIANOS,Sassari
C819,COGGIOLA,Biella
C820,COGLIATE,Monza e della Brianza
C821,COGNE,Aosta
C823,COGOLETO,Genova
C824,COGOLLO DEL CENGIO,Vicenza
C826,COGORNO,Genova
C829,COLAZZA,Novara
M426,COLCERESA,Vicenza
C835,COLERE,Bergamo
C836,COLFELICE,Frosinone
C838,COLI,Piacenza
C839,COLICO,Lecco
C841,COLLALTO SABINO,Rieti
C844,COLLARMELE,L'Aquila
C845,COLLAZZONE,Perugia
C851,COLLE BRIANZA,Lecco
C854,COLLE D'ANCHISE,Campobasso
C857,COLLE DI TORA,Rieti
C847,COLLE DI VAL D'ELSA,Siena
C870,COLLE SAN MAGNO,Frosinone
C846,COLLE SANNITA,Benevento
C872,COLLE SANTA LUCIA,Belluno
C848,COLLE UMBERTO,Treviso
C850,COLLEBEATO,Brescia
C852,COLLECCHIO,Parma
C853,COLLECORVINO,Pescara
C311,COLLEDARA,Teramo
C855,COLLEDIMACINE,Chieti
C856,COLLEDIMEZZO,Chieti
C858,COLLEFERRO,Roma
C859,COLLEGIOVE,Rieti
C860,COLLEGNO,Torino
C862,COLLELONGO,L'Aquila
C864,COLLEPARDO,Frosinone
C865,COLLEPASSO,Lecce
C866,COLLEPIETRO,L'Aquila
C867,COLLERETTO CASTELNUOVO,Torino
C868,COLLERETTO GIACOSA,Torino
C869,COLLESALVETTI,Livorno
C871,COLLESANO,Palermo
C875,COLLETORTO,Campobasso
C876,COLLEVECCHIO,Rieti
C878,COLLI A VOLTURNO,Isernia
M380,COLLI AL METAURO,Pesaro e Urbino
C877,COLLI DEL TRONTO,Ascoli Piceno
C880,COLLI SUL VELINO,Rieti
M419,COLLI VERDI,Pavia
C879,COLLIANO,Salerno
C882,COLLINAS,Sud Sardegna
C883,COLLIO,Brescia
C884,COLLOBIANO,Vercelli
C885,COLLOREDO DI MONTE ALBANO,Udine
C886,COLMURANO,Macerata
C888,COLOBRARO,Matera
C890,COLOGNA VENETA,Verona
C893,COLOGNE,Brescia
C894,COLOGNO AL SERIO,Bergamo
C895,COLOGNO MONZESE,Milano
C897,COLOGNOLA AI COLLI,Verona
C900,COLONNA,Roma
C901,COLONNELLA,Teramo
C902,COLONNO,Como
C903,COLORINA,Sondrio
C904,COLORNO,Parma
C905,COLOSIMI,Cosenza
C908,COLTURANO,Milano
M336,COLVERDE,Como
C910,COLZATE,Bergamo
C911,COMABBIO,Varese
C912,COMACCHIO,Ferrara
C914,COMANO,Massa Carrara
M314,COMANO TERME,Trento
C917,COMAZZO,Lodi
C918,COMEGLIANS,Udine
C920,COMELICO SUPERIORE,Belluno
C922,COMERIO,Varese
C925,COMEZZANO-CIZZAGO,Brescia
C926,COMIGNAGO,Novara
C927,COMISO,Ragusa
C928,COMITINI,Agrigento
C929,COMIZIANO,Napoli
C930,COMMESSAGGIO,Mantova
C931,COMMEZZADURA,Trento
C933,COMO,Como
C934,COMPIANO,Parma
C937,COMUN NUOVO,Bergamo
C935,COMUNANZA,Ascoli Piceno
C938,CONA,Venezia
C941,CONCA CASALE,Isernia
C940,CONCA DEI MARINI,Salerno
C939,CONCA DELLA CAMPANIA,Caserta
C943,CONCAMARISE,Verona
C946,CONCERVIANO,Rieti
C948,CONCESIO,Brescia
C950,CONCORDIA SAGITTARIA,Venezia
C951,CONCORDIA SULLA SECCHIA,Modena
C952,CONCOREZZO,Monza e della Brianza
C954,CONDOFURI,Reggio di Calabria
C955,CONDOVE,Torino
C956,CONDRO',Messina
C957,CONEGLIANO,Treviso
C958,CONFIENZA,Pavia
C959,CONFIGNI,Rieti
C960,CONFLENTI,Catanzaro
C962,CONIOLO,Alessandria
C963,CONSELICE,Ravenna
C964,CONSELVE,Padova
M356,CONTA',Trento
C968,CONTESSA ENTELLINA,Palermo
C969,CONTIGLIANO,Rieti
C971,CONTRADA,Avellino
C972,CONTROGUERRA,Teramo
C973,CONTRONE,Salerno
C974,CONTURSI TERME,Salerno
C975,CONVERSANO,Bari
C976,CONZA DELLA CAMPANIA,Avellino
C977,CONZANO,Alessandria
C978,COPERTINO,Lecce
C979,COPIANO,Pavia
C980,COPPARO,Ferrara
C982,CORANA,Pavia
C983,CORATO,Bari
C984,CORBARA,Salerno
C986,CORBETTA,Milano
C987,CORBOLA,Rovigo
C988,CORCHIANO,Viterbo
C990,CORCIANO,Perugia
C991,CORDENONS,Pordenone
C992,CORDIGNANO,Treviso
C993,CORDOVADO,Pordenone
C996,COREGLIA ANTELMINELLI,Lucca
C995,COREGLIA LIGURE,Genova
C998,CORENO AUSONIO,Frosinone
C999,CORFINIO,L'Aquila
D003,CORI,Latina
D004,CORIANO,Rimini
D006,CORIGLIANO D'OTRANTO,Lecce
M403,CORIGLIANO-ROSSANO,Cosenza
D007,CORINALDO,Ancona
D008,CORIO,Torino
D009,CORLEONE,Palermo
D011,CORLETO MONFORTE,Salerno
D010,CORLETO PERTICARA,Potenza
D013,CORMANO,Milano
D014,CORMONS,Gorizia
D015,CORNA IMAGNA,Bergamo
D016,CORNALBA,Bergamo
M338,CORNALE E BASTIDA,Pavia
D018,CORNAREDO,Milano
D019,CORNATE D'ADDA,Monza e della Brianza
B799,CORNEDO ALL'ISARCO/KARNEID,Bolzano
D020,CORNEDO VICENTINO,Vicenza
D021,CORNEGLIANO LAUDENSE,Lodi
D022,CORNELIANO D'ALBA,Cuneo
D026,CORNIGLIO,Parma
D027,CORNO DI ROSAZZO,Udine
D028,CORNO GIOVINE,Lodi
D029,CORNOVECCHIO,Lodi
D030,CORNUDA,Treviso
D037,CORREGGIO,Reggio nell'Emilia
D038,CORREZZANA,Monza e della Brianza
D040,CORREZZOLA,Padova
D041,CORRIDO,Como
D042,CORRIDONIA,Macerata
D043,CORROPOLI,Teramo
D044,CORSANO,Lecce
D045,CORSICO,Milano
D046,CORSIONE,Asti
D048,CORTACCIA SULLA STRADA DEL VINO/KURTATSCH AN DER WEINSTRASSE,Bolzano
D049,CORTALE,Catanzaro
D050,CORTANDONE,Asti
D051,CORTANZE,Asti
D052,CORTAZZONE,Asti
D054,CORTE BRUGNATELLA,Piacenza
D056,CORTE DE' CORTESI CON CIGNONE,Cremona
D057,CORTE DE' FRATI,Cremona
D058,CORTE FRANCA,Brescia
D068,CORTE PALASIO,Lodi
D061,CORTEMAGGIORE,Piacenza
D062,CORTEMILIA,Cuneo
D064,CORTENO GOLGI,Brescia
D065,CORTENOVA,Lecco
D066,CORTENUOVA,Bergamo
M372,CORTEOLONA E GENZONE,Pavia
D072,CORTIGLIONE,Asti
A266,CORTINA D'AMPEZZO,Belluno
D075,CORTINA SULLA STRADA DEL VINO/KURTINIG AN DER WEINSTRASSE,Bolzano
D076,CORTINO,Teramo
D077,CORTONA,Arezzo
D078,CORVARA,Pescara
D079,CORVARA IN BADIA/CORVARA,Bolzano
D081,CORVINO SAN QUIRICO,Pavia
D082,CORZANO,Brescia
D085,COSEANO,Udine
D086,COSENZA,Cosenza
D087,COSIO D'ARROSCIA,Imperia
D088,COSIO VALTELLINO,Sondrio
D089,COSOLETO,Reggio di Calabria
D093,COSSANO BELBO,Cuneo
D092,COSSANO CANAVESE,Torino
D094,COSSATO,Biella
D095,COSSERIA,Savona
D096,COSSIGNANO,Ascoli Piceno
D099,COSSOGNO,Verbano-Cusio-Ossola
D100,COSSOINE,Sassari
D101,COSSOMBRATO,Asti
D109,COSTA DE' NOBILI,Pavia
D110,COSTA DI MEZZATE,Bergamo
D105,COSTA DI ROVIGO,Rovigo
D112,COSTA MASNAGA,Lecco
D111,COSTA SERINA,Bergamo
D103,COSTA VALLE IMAGNA,Bergamo
D102,COSTA VESCOVATO,Alessandria
D117,COSTA VOLPINO,Bergamo
D107,COSTABISSARA,Vicenza
D108,COSTACCIARO,Perugia
D113,COSTANZANA,Vercelli
D114,COSTARAINERA,Imperia
D118,COSTERMANO SUL GARDA,Verona
D119,COSTIGLIOLE D'ASTI,Asti
D120,COSTIGLIOLE SALUZZO,Cuneo
D121,COTIGNOLA,Ravenna
D123,COTRONEI,Crotone
D124,COTTANELLO,Rieti
D012,COURMAYEUR,Aosta
D126,COVO,Bergamo
D127,COZZO,Pavia
D128,CRACO,Matera
D131,CRANDOLA VALSASSINA,Lecco
D132,CRAVAGLIANA,Vercelli
D133,CRAVANZANA,Cuneo
D134,CRAVEGGIA,Verbano-Cusio-Ossola
D136,CREAZZO,Vicenza
D137,CRECCHIO,Chieti
D139,CREDARO,Bergamo
D141,CREDERA RUBBIANO,Cremona
D142,CREMA,Cremona
D143,CREMELLA,Lecco
D144,CREMENAGA,Varese
D145,CREMENO,Lecco
D147,CREMIA,Como
D149,CREMOLINO,Alessandria
D150,CREMONA,Cremona
D151,CREMOSANO,Cremona
D154,CRESCENTINO,Vercelli
D156,CRESPADORO,Vicenza
D159,CRESPIATICA,Lodi
M328,CRESPINA LORENZANA,Pisa
D161,CRESPINO,Rovigo
D162,CRESSA,Novara
D165,CREVACUORE,Biella
D166,CREVALCORE,Bologna
D168,CREVOLADOSSOLA,Verbano-Cusio-Ossola
D170,CRISPANO,Napoli
D171,CRISPIANO,Taranto
D172,CRISSOLO,Cuneo
D175,CROCEFIESCHI,Genova
C670,CROCETTA DEL MONTELLO,Treviso
D177,CRODO,Verbano-Cusio-Ossola
D179,CROGNALETO,Teramo
D180,CROPALATI,Cosenza
D181,CROPANI,Catanzaro
D184,CROSIA,Cosenza
D185,CROSIO DELLA VALLE,Varese
D122,CROTONE,Crotone
D186,CROTTA D'ADDA,Cremona
D187,CROVA,Vercelli
D188,CROVIANA,Trento
D189,CRUCOLI,Crotone
D192,CUASSO AL MONTE,Varese
D195,CUCCARO VETERE,Salerno
D196,CUCCIAGO,Como
D197,CUCEGLIO,Torino
D198,CUGGIONO,Milano
D199,CUGLIATE-FABIASCO,Varese
D200,CUGLIERI,Oristano
D201,CUGNOLI,Pescara
D202,CUMIANA,Torino
D203,CUMIGNANO SUL NAVIGLIO,Cremona
D204,CUNARDO,Varese
D205,CUNEO,Cuneo
D207,CUNICO,Asti
D208,CUORGNE',Torino
D209,CUPELLO,Chieti
D210,CUPRA MARITTIMA,Ascoli Piceno
D211,CUPRAMONTANA,Ancona
B824,CURA CARPIGNANO,Pavia
D214,CURCURIS,Oristano
D216,CUREGGIO,Novara
D217,CURIGLIA CON MONTEVIASCO,Varese
D218,CURINGA,Catanzaro
D219,CURINO,Biella
D221,CURNO,Bergamo
D222,CURON VENOSTA/GRAUN IM VINSCHGAU,Bolzano
D223,CURSI,Lecce
D226,CURTAROLO,Padova
D227,CURTATONE,Mantova
D228,CURTI,Caserta
D229,CUSAGO,Milano
D231,CUSANO MILANINO,Milano
D230,CUSANO MUTRI,Benevento
D232,CUSINO,Como
D233,CUSIO,Bergamo
D234,CUSTONACI,Trapani
D236,CUTRO,Crotone
D237,CUTROFIANO,Lecce
D238,CUVEGLIO,Varese
D239,CUVIO,Varese
D244,DAIRAGO,Milano
D245,DALMINE,Bergamo
D246,DAMBEL,Trento
D247,DANTA DI CADORE,Belluno
D251,DARFO BOARIO TERME,Brescia
D253,DASA',Vibo Valentia
D255,DAVAGNA,Genova
D256,DAVERIO,Varese
D257,DAVOLI,Catanzaro
D258,DAZIO,Sondrio
D259,DECIMOMANNU,Cagliari
D260,DECIMOPUTZU,Sud Sardegna
D261,DECOLLATURA,Catanzaro
D264,DEGO,Savona
D265,DEIVA MARINA,La Spezia
D266,DELEBIO,Sondrio
D267,DELIA,Caltanissetta
D268,DELIANUOVA,Reggio di Calabria
D269,DELICETO,Foggia
D270,DELLO,Brescia
D271,DEMONTE,Cuneo
D272,DENICE,Alessandria
D273,DENNO,Trento
D277,DERNICE,Alessandria
D278,DEROVERE,Cremona
D279,DERUTA,Perugia
D280,DERVIO,Lecco
D281,DESANA,Vercelli
D284,DESENZANO DEL GARDA,Brescia
D286,DESIO,Monza e della Brianza
D287,DESULO,Nuoro
D289,DIAMANTE,Cosenza
D293,DIANO ARENTINO,Imperia
D296,DIANO CASTELLO,Imperia
D291,DIANO D'ALBA,Cuneo
D297,DIANO MARINA,Imperia
D298,DIANO SAN PIETRO,Imperia
D299,DICOMANO,Firenze
D300,DIGNANO,Udine
M366,DIMARO FOLGARIDA,Trento
D303,DINAMI,Vibo Valentia
D304,DIPIGNANO,Cosenza
D305,DISO,Lecce
D309,DIVIGNANO,Novara
D310,DIZZASCO,Como
D311,DOBBIACO/TOBLACH,Bolzano
D312,DOBERDO' DEL LAGO,Gorizia
D314,DOGLIANI,Cuneo
D315,DOGLIOLA,Chieti
D316,DOGNA,Udine
D317,DOLCE',Verona
D318,DOLCEACQUA,Imperia
D319,DOLCEDO,Imperia
D321,DOLEGNA DEL COLLIO,Gorizia
D323,DOLIANOVA,Sud Sardegna
D325,DOLO,Venezia
D327,DOLZAGO,Lecco
D328,DOMANICO,Cosenza
D329,DOMASO,Como
D330,DOMEGGE DI CADORE,Belluno
D331,DOMICELLA,Avellino
D332,DOMODOSSOLA,Verbano-Cusio-Ossola
D333,DOMUS DE MARIA,Sud Sardegna
D334,DOMUSNOVAS,Sud Sardegna
D339,DONATO,Biella
D341,DONGO,Como
D338,DONNAS,Aosta
D344,DONORI,Sud Sardegna
D345,DORGALI,Nuoro
D346,DORIO,Lecco
D347,DORMELLETTO,Novara
D348,DORNO,Pavia
D350,DORZANO,Biella
D351,DOSOLO,Mantova
D352,DOSSENA,Bergamo
D355,DOSSO DEL LIRO,Como
D356,DOUES,Aosta
D357,DOVADOLA,Forli'-Cesena
D358,DOVERA,Cremona
D360,DOZZA,Bologna
D361,DRAGONI,Caserta
D364,DRAPIA,Vibo Valentia
D365,DRENA,Trento
D366,DRENCHIA,Udine
D367,DRESANO,Milano
D371,DRO,Trento
D372,DRONERO,Cuneo
D373,DRUENTO,Torino
D374,DRUOGNO,Verbano-Cusio-Ossola
D376,DUALCHI,Nuoro
D377,DUBINO,Sondrio
M300,DUE CARRARE,Padova
D379,DUEVILLE,Vicenza
D380,DUGENTA,Benevento
D383,DUINO AURISINA,Trieste
D384,DUMENZA,Varese
D385,DUNO,Varese
D386,DURAZZANO,Benevento
C772,DURONIA,Campobasso
D388,DUSINO SAN MICHELE,Asti
D390,EBOLI,Salerno
D391,EDOLO,Brescia
D392,EGNA/NEUMARKT,Bolzano
D394,ELICE,Pescara
D395,ELINI,Nuoro
D398,ELLO,Lecco
D399,ELMAS,Cagliari
D401,ELVA,Cuneo
D402,EMAR├êSE,Aosta
D403,EMPOLI,Firenze
D406,ENDINE GAIANO,Bergamo
D407,ENEGO,Vicenza
D408,ENEMONZO,Udine
C342,ENNA,Enna
D410,ENTRACQUE,Cuneo
D411,ENTRATICO,Bergamo
D412,ENVIE,Cuneo
D414,EPISCOPIA,Potenza
D415,ERACLEA,Venezia
D416,ERBA,Como
D419,ERBE',Verona
D420,ERBEZZO,Verona
D421,ERBUSCO,Brescia
D422,ERCHIE,Brindisi
H243,ERCOLANO,Napoli
D423,ERICE,Trapani
D424,ERLI,Savona
D426,ERTO E CASSO,Pordenone
M292,ERULA,Sassari
D428,ERVE,Lecco
D429,ESANATOGLIA,Macerata
D430,ESCALAPLANO,Sud Sardegna
D431,ESCOLCA,Sud Sardegna
D434,ESINE,Brescia
D436,ESINO LARIO,Lecco
D440,ESPERIA,Frosinone
D441,ESPORLATU,Sassari
D442,ESTE,Padova
D443,ESTERZILI,Sud Sardegna
D444,ETROUBLES,Aosta
D445,EUPILIO,Como
D433,EXILLES,Torino
D447,FABBRICA CURONE,Alessandria
M319,FABBRICHE DI VERGEMOLI,Lucca
D450,FABBRICO,Reggio nell'Emilia
D451,FABRIANO,Ancona
D452,FABRICA DI ROMA,Viterbo
D453,FABRIZIA,Vibo Valentia
D454,FABRO,Terni
D455,FAEDIS,Udine
D456,FAEDO VALTELLINO,Sondrio
D458,FAENZA,Ravenna
D459,FAETO,Foggia
D461,FAGAGNA,Udine
D462,FAGGETO LARIO,Como
D463,FAGGIANO,Taranto
D465,FAGNANO ALTO,L'Aquila
D464,FAGNANO CASTELLO,Cosenza
D467,FAGNANO OLONA,Varese
D468,FAI DELLA PAGANELLA,Trento
D469,FAICCHIO,Benevento
D470,FALCADE,Belluno
D471,FALCIANO DEL MASSICO,Caserta
D473,FALCONARA ALBANESE,Cosenza
D472,FALCONARA MARITTIMA,Ancona
D474,FALCONE,Messina
D475,FALERIA,Viterbo
D476,FALERNA,Catanzaro
D477,FALERONE,Fermo
D480,FALLO,Chieti
D482,FALOPPIO,Como
D483,FALVATERRA,Frosinone
D484,FALZES/PFALZEN,Bolzano
D486,FANANO,Modena
D487,FANNA,Pordenone
D488,FANO,Pesaro e Urbino
D489,FANO ADRIANO,Teramo
D494,FARA FILIORUM PETRI,Chieti
D490,FARA GERA D'ADDA,Bergamo
D493,FARA IN SABINA,Rieti
D492,FARA NOVARESE,Novara
D491,FARA OLIVANA CON SOLA,Bergamo
D495,FARA SAN MARTINO,Chieti
D496,FARA VICENTINO,Vicenza
D497,FARDELLA,Potenza
D499,FARIGLIANO,Cuneo
D501,FARINDOLA,Pescara
D502,FARINI,Piacenza
D503,FARNESE,Viterbo
D504,FARRA D'ISONZO,Gorizia
D505,FARRA DI SOLIGO,Treviso
D508,FASANO,Brindisi
D509,FASCIA,Genova
D510,FAUGLIA,Pisa
D511,FAULE,Cuneo
D512,FAVALE DI MALVARO,Genova
D514,FAVARA,Agrigento
D518,FAVIGNANA,Trapani
D520,FAVRIA,Torino
D523,FEISOGLIO,Cuneo
D524,FELETTO,Torino
D526,FELINO,Parma
D527,FELITTO,Salerno
D528,FELIZZANO,Alessandria
D530,FELTRE,Belluno
D531,FENEGRO',Como
D532,FENESTRELLE,Torino
D538,FERENTILLO,Terni
D539,FERENTINO,Frosinone
D540,FERLA,Siracusa
D541,FERMIGNANO,Pesaro e Urbino
D542,FERMO,Fermo
D543,FERNO,Varese
D544,FEROLETO ANTICO,Catanzaro
D545,FEROLETO DELLA CHIESA,Reggio di Calabria
D547,FERRANDINA,Matera
D548,FERRARA,Ferrara
D549,FERRARA DI MONTE BALDO,Verona
D550,FERRAZZANO,Campobasso
D551,FERRERA DI VARESE,Varese
D552,FERRERA ERBOGNONE,Pavia
D554,FERRERE,Asti
D555,FERRIERE,Piacenza
D557,FERRUZZANO,Reggio di Calabria
D560,FIAMIGNANO,Rieti
D562,FIANO,Torino
D561,FIANO ROMANO,Roma
D564,FIASTRA,Macerata
D565,FIAVE',Trento
D567,FICARAZZI,Palermo
D568,FICAROLO,Rovigo
D569,FICARRA,Messina
D570,FICULLE,Terni
B034,FIDENZA,Parma
D571,FIE' ALLO SCILIAR/V├ûLS AM SCHLERN,Bolzano
D573,FIEROZZO,Trento
D574,FIESCO,Cremona
D575,FIESOLE,Firenze
D576,FIESSE,Brescia
D578,FIESSO D'ARTICO,Venezia
D577,FIESSO UMBERTIANO,Rovigo
D579,FIGINO SERENZA,Como
M321,FIGLINE E INCISA VALDARNO,Firenze
D582,FIGLINE VEGLIATURO,Cosenza
D586,FILACCIANO,Roma
D587,FILADELFIA,Vibo Valentia
D588,FILAGO,Bergamo
D589,FILANDARI,Vibo Valentia
D590,FILATTIERA,Massa Carrara
D591,FILETTINO,Frosinone
D592,FILETTO,Chieti
D593,FILIANO,Potenza
D594,FILIGHERA,Pavia
D595,FILIGNANO,Isernia
D596,FILOGASO,Vibo Valentia
D597,FILOTTRANO,Ancona
D599,FINALE EMILIA,Modena
D600,FINALE LIGURE,Savona
D604,FINO DEL MONTE,Bergamo
D605,FINO MORNASCO,Como
D606,FIORANO AL SERIO,Bergamo
D608,FIORANO CANAVESE,Torino
D607,FIORANO MODENESE,Modena
D611,FIORENZUOLA D'ARDA,Piacenza
D612,FIRENZE,Firenze
D613,FIRENZUOLA,Firenze
D614,FIRMO,Cosenza
M323,FISCAGLIA,Ferrara
D615,FISCIANO,Salerno
A310,FIUGGI,Frosinone
D617,FIUMALBO,Modena
D619,FIUMARA,Reggio di Calabria
D621,FIUME VENETO,Pordenone
D622,FIUMEDINISI,Messina
D624,FIUMEFREDDO BRUZIO,Cosenza
D623,FIUMEFREDDO DI SICILIA,Catania
M400,FIUMICELLO VILLA VICENTINA,Udine
M297,FIUMICINO,Roma
D628,FIUMINATA,Macerata
D629,FIVIZZANO,Massa Carrara
D630,FLAIBANO,Udine
D634,FLERO,Brescia
D635,FLORESTA,Messina
D636,FLORIDIA,Siracusa
D637,FLORINAS,Sassari
D638,FLUMERI,Avellino
D639,FLUMINIMAGGIORE,Sud Sardegna
D640,FLUSSIO,Oristano
D641,FOBELLO,Vercelli
D643,FOGGIA,Foggia
D644,FOGLIANISE,Benevento
D645,FOGLIANO REDIPUGLIA,Gorizia
D646,FOGLIZZO,Torino
D649,FOIANO DELLA CHIANA,Arezzo
D650,FOIANO DI VAL FORTORE,Benevento
D651,FOLGARIA,Trento
D652,FOLIGNANO,Ascoli Piceno
D653,FOLIGNO,Perugia
D654,FOLLINA,Treviso
D655,FOLLO,La Spezia
D656,FOLLONICA,Grosseto
D660,FOMBIO,Lodi
D661,FONDACHELLI-FANTINA,Messina
D662,FONDI,Latina
D665,FONNI,Nuoro
D666,FONTAINEMORE,Aosta
D667,FONTANA LIRI,Frosinone
D670,FONTANAFREDDA,Pordenone
D671,FONTANAROSA,Avellino
D668,FONTANELICE,Bologna
D672,FONTANELLA,Bergamo
D673,FONTANELLATO,Parma
D674,FONTANELLE,Treviso
D675,FONTANETO D'AGOGNA,Novara
D676,FONTANETTO PO,Vercelli
D677,FONTANIGORDA,Genova
D678,FONTANILE,Asti
D679,FONTANIVA,Padova
D680,FONTE,Treviso
M309,FONTE NUOVA,Roma
D681,FONTECCHIO,L'Aquila
D682,FONTECHIARI,Frosinone
D683,FONTEGRECA,Caserta
D684,FONTENO,Bergamo
D685,FONTEVIVO,Parma
D686,FONZASO,Belluno
D688,FOPPOLO,Bergamo
D689,FORANO,Rieti
D691,FORCE,Ascoli Piceno
D693,FORCHIA,Benevento
D694,FORCOLA,Sondrio
D695,FORDONGIANUS,Oristano
D696,FORENZA,Potenza
D697,FORESTO SPARSO,Bergamo
D700,FORGARIA NEL FRIULI,Udine
D701,FORINO,Avellino
D702,FORIO,Napoli
D704,FORLI',Forli'-Cesena
D703,FORLI' DEL SANNIO,Isernia
D705,FORLIMPOPOLI,Forli'-Cesena
D706,FORMAZZA,Verbano-Cusio-Ossola
D707,FORMELLO,Roma
D708,FORMIA,Latina
D709,FORMICOLA,Caserta
D710,FORMIGARA,Cremona
D711,FORMIGINE,Modena
D712,FORMIGLIANA,Vercelli
D714,FORNACE,Trento
D715,FORNELLI,Isernia
D718,FORNI AVOLTRI,Udine
D719,FORNI DI SOPRA,Udine
D720,FORNI DI SOTTO,Udine
D725,FORNO CANAVESE,Torino
D728,FORNOVO DI TARO,Parma
D727,FORNOVO SAN GIOVANNI,Bergamo
D730,FORTE DEI MARMI,Lucca
D731,FORTEZZA/FRANZENSFESTE,Bolzano
D732,FORTUNAGO,Pavia
D733,FORZA D'AGRO',Messina
D734,FOSCIANDORA,Lucca
D735,FOSDINOVO,Massa Carrara
D736,FOSSA,L'Aquila
D738,FOSSACESIA,Chieti
D740,FOSSALTA DI PIAVE,Venezia
D741,FOSSALTA DI PORTOGRUARO,Venezia
D737,FOSSALTO,Campobasso
D742,FOSSANO,Cuneo
D745,FOSSATO DI VICO,Perugia
D744,FOSSATO SERRALTA,Catanzaro
D748,FOSSO',Venezia
D749,FOSSOMBRONE,Pesaro e Urbino
D750,FOZA,Vicenza
D751,FRABOSA SOPRANA,Cuneo
D752,FRABOSA SOTTANA,Cuneo
D559,FRACONALTO,Alessandria
D754,FRAGAGNANO,Taranto
D755,FRAGNETO L'ABATE,Benevento
D756,FRAGNETO MONFORTE,Benevento
D757,FRAINE,Chieti
D758,FRAMURA,La Spezia
D763,FRANCAVILLA AL MARE,Chieti
D762,FRANCAVILLA ANGITOLA,Vibo Valentia
D759,FRANCAVILLA BISIO,Alessandria
D760,FRANCAVILLA D'ETE,Fermo
D765,FRANCAVILLA DI SICILIA,Messina
D761,FRANCAVILLA FONTANA,Brindisi
D766,FRANCAVILLA IN SINNI,Potenza
D764,FRANCAVILLA MARITTIMA,Cosenza
D767,FRANCICA,Vibo Valentia
D768,FRANCOFONTE,Siracusa
D769,FRANCOLISE,Caserta
D770,FRASCARO,Alessandria
D771,FRASCAROLO,Pavia
D773,FRASCATI,Roma
D774,FRASCINETO,Cosenza
D775,FRASSILONGO,Trento
D776,FRASSINELLE POLESINE,Rovigo
D777,FRASSINELLO MONFERRATO,Alessandria
D780,FRASSINETO PO,Alessandria
D781,FRASSINETTO,Torino
D782,FRASSINO,Cuneo
D783,FRASSINORO,Modena
D785,FRASSO SABINO,Rieti
D784,FRASSO TELESINO,Benevento
D788,FRATTA POLESINE,Rovigo
D787,FRATTA TODINA,Perugia
D789,FRATTAMAGGIORE,Napoli
D790,FRATTAMINORE,Napoli
D791,FRATTE ROSA,Pesaro e Urbino
D793,FRAZZANO',Messina
D794,FREGONA,Treviso
D796,FRESAGRANDINARIA,Chieti
D797,FRESONARA,Alessandria
D798,FRIGENTO,Avellino
D799,FRIGNANO,Caserta
D802,FRINCO,Asti
D803,FRISA,Chieti
D804,FRISANCO,Pordenone
D805,FRONT,Torino
D807,FRONTINO,Pesaro e Urbino
D808,FRONTONE,Pesaro e Urbino
D810,FROSINONE,Frosinone
D811,FROSOLONE,Isernia
D812,FROSSASCO,Torino
D813,FRUGAROLO,Alessandria
D814,FUBINE MONFERRATO,Alessandria
D815,FUCECCHIO,Firenze
D817,FUIPIANO VALLE IMAGNA,Bergamo
D818,FUMANE,Verona
D819,FUMONE,Frosinone
D821,FUNES/VILLN├ûSS,Bolzano
D823,FURCI,Chieti
D824,FURCI SICULO,Messina
D825,FURNARI,Messina
D826,FURORE,Salerno
D827,FURTEI,Sud Sardegna
D828,FUSCALDO,Cosenza
D829,FUSIGNANO,Ravenna
D830,FUSINE,Sondrio
D832,FUTANI,Salerno
D537,F├ëNIS,Aosta
D834,GABBIONETA BINANUOVA,Cremona
D835,GABIANO,Alessandria
D836,GABICCE MARE,Pesaro e Urbino
D839,GABY,Aosta
D841,GADESCO PIEVE DELMONA,Cremona
D842,GADONI,Nuoro
D843,GAETA,Latina
D844,GAGGI,Messina
D845,GAGGIANO,Milano
D847,GAGGIO MONTANO,Bologna
D848,GAGLIANICO,Biella
D850,GAGLIANO ATERNO,L'Aquila
D849,GAGLIANO CASTELFERRATO,Enna
D851,GAGLIANO DEL CAPO,Lecce
D852,GAGLIATO,Catanzaro
D853,GAGLIOLE,Macerata
D854,GAIARINE,Treviso
D855,GAIBA,Rovigo
D856,GAIOLA,Cuneo
D858,GAIOLE IN CHIANTI,Siena
D859,GAIRO,Nuoro
D860,GAIS/GAIS,Bolzano
D861,GALATI MAMERTINO,Messina
D862,GALATINA,Lecce
D863,GALATONE,Lecce
D864,GALATRO,Reggio di Calabria
D865,GALBIATE,Lecco
D867,GALEATA,Forli'-Cesena
D868,GALGAGNANO,Lodi
D869,GALLARATE,Varese
D870,GALLESE,Viterbo
D872,GALLIATE,Novara
D871,GALLIATE LOMBARDO,Varese
D873,GALLIAVOLA,Pavia
D874,GALLICANO,Lucca
D875,GALLICANO NEL LAZIO,Roma
D876,GALLICCHIO,Potenza
D878,GALLIERA,Bologna
D879,GALLIERA VENETA,Padova
D881,GALLINARO,Frosinone
D882,GALLIO,Vicenza
D883,GALLIPOLI,Lecce
D884,GALLO MATESE,Caserta
D885,GALLODORO,Messina
D886,GALLUCCIO,Caserta
D888,GALTELLI',Nuoro
D889,GALZIGNANO TERME,Padova
D890,GAMALERO,Alessandria
D891,GAMBARA,Brescia
D892,GAMBARANA,Pavia
D894,GAMBASCA,Cuneo
D895,GAMBASSI TERME,Firenze
D896,GAMBATESA,Campobasso
D897,GAMBELLARA,Vicenza
D898,GAMBERALE,Chieti
D899,GAMBETTOLA,Forli'-Cesena
D901,GAMBOLO',Pavia
D903,GANDELLINO,Bergamo
D905,GANDINO,Bergamo
D906,GANDOSSO,Bergamo
D907,GANGI,Palermo
D909,GARAGUSO,Matera
D910,GARBAGNA,Alessandria
D911,GARBAGNA NOVARESE,Novara
D912,GARBAGNATE MILANESE,Milano
D913,GARBAGNATE MONASTERO,Lecco
D915,GARDA,Verona
D917,GARDONE RIVIERA,Brescia
D918,GARDONE VAL TROMPIA,Brescia
D920,GARESSIO,Cuneo
D921,GARGALLO,Novara
D923,GARGAZZONE/GARGAZON,Bolzano
D924,GARGNANO,Brescia
D925,GARLASCO,Pavia
D926,GARLATE,Lecco
D927,GARLENDA,Savona
D928,GARNIGA TERME,Trento
D930,GARZENO,Como
D931,GARZIGLIANA,Torino
D932,GASPERINA,Catanzaro
D933,GASSINO TORINESE,Torino
D934,GATTATICO,Reggio nell'Emilia
D935,GATTEO,Forli'-Cesena
M416,GATTICO-VERUNO,Novara
D938,GATTINARA,Vercelli
D940,GAVARDO,Brescia
D942,GAVELLO,Rovigo
D943,GAVERINA TERME,Bergamo
D944,GAVI,Alessandria
D945,GAVIGNANO,Roma
D946,GAVIRATE,Varese
D947,GAVOI,Nuoro
D948,GAVORRANO,Grosseto
D949,GAZOLDO DEGLI IPPOLITI,Mantova
D951,GAZZADA SCHIANNO,Varese
D952,GAZZANIGA,Bergamo
D956,GAZZO,Padova
D957,GAZZO VERONESE,Verona
D958,GAZZOLA,Piacenza
D959,GAZZUOLO,Mantova
D960,GELA,Caltanissetta
D961,GEMMANO,Rimini
D962,GEMONA DEL FRIULI,Udine
D963,GEMONIO,Varese
D964,GENAZZANO,Roma
D965,GENGA,Ancona
D966,GENIVOLTA,Cremona
D967,GENOLA,Cuneo
D968,GENONI,Sud Sardegna
D969,GENOVA,Genova
D970,GENURI,Sud Sardegna
D971,GENZANO DI LUCANIA,Potenza
D972,GENZANO DI ROMA,Roma
D974,GERA LARIO,Como
D975,GERACE,Reggio di Calabria
D977,GERACI SICULO,Palermo
D978,GERANO,Roma
D980,GERENZAGO,Pavia
D981,GERENZANO,Varese
D982,GERGEI,Sud Sardegna
D983,GERMAGNANO,Torino
D984,GERMAGNO,Verbano-Cusio-Ossola
D987,GERMIGNAGA,Varese
D988,GEROCARNE,Vibo Valentia
D990,GEROLA ALTA,Sondrio
D993,GERRE DE' CAPRIOLI,Cremona
D994,GESICO,Sud Sardegna
D995,GESSATE,Milano
D996,GESSOPALENA,Chieti
D997,GESTURI,Sud Sardegna
D998,GESUALDO,Avellino
D999,GHEDI,Brescia
E001,GHEMME,Novara
E003,GHIFFA,Verbano-Cusio-Ossola
E004,GHILARZA,Oristano
E006,GHISALBA,Bergamo
E007,GHISLARENGO,Vercelli
E008,GIACCIANO CON BARUCHELLA,Rovigo
E009,GIAGLIONE,Torino
E010,GIANICO,Brescia
E012,GIANO DELL'UMBRIA,Perugia
E011,GIANO VETUSTO,Caserta
E013,GIARDINELLO,Palermo
E014,GIARDINI NAXOS,Messina
E015,GIAROLE,Alessandria
E016,GIARRATANA,Ragusa
E017,GIARRE,Catania
E019,GIAVE,Sassari
E020,GIAVENO,Torino
E021,GIAVERA DEL MONTELLO,Treviso
E022,GIBA,Sud Sardegna
E023,GIBELLINA,Trapani
E024,GIFFLENGA,Biella
E025,GIFFONE,Reggio di Calabria
E026,GIFFONI SEI CASALI,Salerno
E027,GIFFONI VALLE PIANA,Salerno
E028,GIGNESE,Verbano-Cusio-Ossola
E029,GIGNOD,Aosta
E030,GILDONE,Campobasso
E031,GIMIGLIANO,Catanzaro
E033,GINESTRA,Potenza
E034,GINESTRA DEGLI SCHIAVONI,Benevento
E036,GINOSA,Taranto
E037,GIOI,Salerno
E040,GIOIA DEI MARSI,L'Aquila
E038,GIOIA DEL COLLE,Bari
E039,GIOIA SANNITICA,Caserta
E041,GIOIA TAURO,Reggio di Calabria
E044,GIOIOSA IONICA,Reggio di Calabria
E043,GIOIOSA MAREA,Messina
E045,GIOVE,Terni
E047,GIOVINAZZO,Bari
E048,GIOVO,Trento
E049,GIRASOLE,Nuoro
E050,GIRIFALCO,Catanzaro
E052,GISSI,Chieti
E053,GIUGGIANELLO,Lecce
E054,GIUGLIANO IN CAMPANIA,Napoli
E055,GIULIANA,Palermo
E057,GIULIANO DI ROMA,Frosinone
E056,GIULIANO TEATINO,Chieti
E058,GIULIANOVA,Teramo
E060,GIUNGANO,Salerno
E061,GIURDIGNANO,Lecce
E062,GIUSSAGO,Pavia
E063,GIUSSANO,Monza e della Brianza
E064,GIUSTENICE,Savona
E065,GIUSTINO,Trento
E066,GIUSVALLA,Savona
E067,GIVOLETTO,Torino
E068,GIZZERIA,Catanzaro
E069,GLORENZA/GLURNS,Bolzano
E071,GODEGA DI SANT'URBANO,Treviso
E072,GODIASCO SALICE TERME,Pavia
E074,GODRANO,Palermo
E078,GOITO,Mantova
E079,GOLASECCA,Varese
E081,GOLFERENZO,Pavia
M274,GOLFO ARANCI,Sassari
E082,GOMBITO,Cremona
E083,GONARS,Udine
E084,GONI,Sud Sardegna
E086,GONNESA,Sud Sardegna
E087,GONNOSCODINA,Oristano
E085,GONNOSFANADIGA,Sud Sardegna
D585,GONNOSNO',Oristano
E088,GONNOSTRAMATZA,Oristano
E089,GONZAGA,Mantova
E090,GORDONA,Sondrio
E091,GORGA,Roma
E092,GORGO AL MONTICANO,Treviso
E093,GORGOGLIONE,Matera
E094,GORGONZOLA,Milano
E096,GORIANO SICOLI,L'Aquila
E098,GORIZIA,Gorizia
E101,GORLA MAGGIORE,Varese
E102,GORLA MINORE,Varese
E100,GORLAGO,Bergamo
E103,GORLE,Bergamo
E104,GORNATE OLONA,Varese
E106,GORNO,Bergamo
E107,GORO,Ferrara
E109,GORRETO,Genova
E111,GORZEGNO,Cuneo
E113,GOSALDO,Belluno
E114,GOSSOLENGO,Piacenza
E115,GOTTASECCA,Cuneo
E116,GOTTOLENGO,Brescia
E118,GOVONE,Cuneo
E120,GOZZANO,Novara
E122,GRADARA,Pesaro e Urbino
E124,GRADISCA D'ISONZO,Gorizia
E125,GRADO,Gorizia
E126,GRADOLI,Viterbo
E127,GRAFFIGNANA,Lodi
E128,GRAFFIGNANO,Viterbo
E130,GRAGLIA,Biella
E131,GRAGNANO,Napoli
E132,GRAGNANO TREBBIENSE,Piacenza
E133,GRAMMICHELE,Catania
E134,GRANA MONFERRATO,Asti
E136,GRANAROLO DELL'EMILIA,Bologna
E139,GRANDATE,Como
E141,GRANDOLA ED UNITI,Como
E142,GRANITI,Messina
E143,GRANOZZO CON MONTICELLO,Novara
E144,GRANTOLA,Varese
E145,GRANTORTO,Padova
E146,GRANZE,Padova
E147,GRASSANO,Matera
E148,GRASSOBBIO,Bergamo
E149,GRATTERI,Palermo
M315,GRAVEDONA ED UNITI,Como
E152,GRAVELLONA LOMELLINA,Pavia
E153,GRAVELLONA TOCE,Verbano-Cusio-Ossola
E154,GRAVERE,Torino
E156,GRAVINA DI CATANIA,Catania
E155,GRAVINA IN PUGLIA,Bari
E158,GRAZZANISE,Caserta
E159,GRAZZANO BADOGLIO,Asti
E160,GRECCIO,Rieti
E161,GRECI,Avellino
E163,GREGGIO,Vercelli
E164,GREMIASCO,Alessandria
E165,GRESSAN,Aosta
E167,GRESSONEY-LA-TRINITE',Aosta
E168,GRESSONEY-SAINT-JEAN,Aosta
E169,GREVE IN CHIANTI,Firenze
E170,GREZZAGO,Milano
E171,GREZZANA,Verona
E172,GRIANTE,Como
E173,GRICIGNANO DI AVERSA,Caserta
E177,GRIGNASCO,Novara
E178,GRIGNO,Trento
E179,GRIMACCO,Udine
E180,GRIMALDI,Cosenza
E182,GRINZANE CAVOUR,Cuneo
E184,GRISIGNANO DI ZOCCO,Vicenza
E185,GRISOLIA,Cosenza
E187,GRIZZANA MORANDI,Bologna
E188,GROGNARDO,Alessandria
E189,GROMO,Bergamo
E191,GRONDONA,Alessandria
E192,GRONE,Bergamo
E193,GRONTARDO,Cremona
E195,GROPELLO CAIROLI,Pavia
E196,GROPPARELLO,Piacenza
E199,GROSCAVALLO,Torino
E200,GROSIO,Sondrio
E201,GROSOTTO,Sondrio
E202,GROSSETO,Grosseto
E203,GROSSO,Torino
E204,GROTTAFERRATA,Roma
E205,GROTTAGLIE,Taranto
E206,GROTTAMINARDA,Avellino
E207,GROTTAMMARE,Ascoli Piceno
E208,GROTTAZZOLINA,Fermo
E209,GROTTE,Agrigento
E210,GROTTE DI CASTRO,Viterbo
E212,GROTTERIA,Reggio di Calabria
E213,GROTTOLE,Matera
E214,GROTTOLELLA,Avellino
E215,GRUARO,Venezia
E216,GRUGLIASCO,Torino
E217,GRUMELLO CREMONESE ED UNITI,Cremona
E219,GRUMELLO DEL MONTE,Bergamo
E221,GRUMENTO NOVA,Potenza
E223,GRUMO APPULA,Bari
E224,GRUMO NEVANO,Napoli
E226,GRUMOLO DELLE ABBADESSE,Vicenza
E227,GUAGNANO,Lecce
E228,GUALDO,Macerata
E229,GUALDO CATTANEO,Perugia
E230,GUALDO TADINO,Perugia
E232,GUALTIERI,Reggio nell'Emilia
E233,GUALTIERI SICAMINO',Messina
E234,GUAMAGGIORE,Sud Sardegna
E235,GUANZATE,Como
E236,GUARCINO,Frosinone
E240,GUARDA VENETA,Rovigo
E237,GUARDABOSONE,Vercelli
E238,GUARDAMIGLIO,Lodi
E239,GUARDAVALLE,Catanzaro
E241,GUARDEA,Terni
E245,GUARDIA LOMBARDI,Avellino
E246,GUARDIA PERTICARA,Potenza
E242,GUARDIA PIEMONTESE,Cosenza
E249,GUARDIA SANFRAMONDI,Benevento
E243,GUARDIAGRELE,Chieti
E244,GUARDIALFIERA,Campobasso
E248,GUARDIAREGIA,Campobasso
E250,GUARDISTALLO,Pisa
E251,GUARENE,Cuneo
E252,GUASILA,Sud Sardegna
E253,GUASTALLA,Reggio nell'Emilia
E255,GUAZZORA,Alessandria
E256,GUBBIO,Perugia
E258,GUDO VISCONTI,Milano
E259,GUGLIONESI,Campobasso
E261,GUIDIZZOLO,Mantova
E263,GUIDONIA MONTECELIO,Roma
E264,GUIGLIA,Modena
E266,GUILMI,Chieti
E269,GURRO,Verbano-Cusio-Ossola
E270,GUSPINI,Sud Sardegna
E271,GUSSAGO,Brescia
E272,GUSSOLA,Cremona
E273,HONE,Aosta
E280,IDRO,Brescia
E281,IGLESIAS,Sud Sardegna
E282,IGLIANO,Cuneo
E283,ILBONO,Nuoro
E284,ILLASI,Verona
E285,ILLORAI,Sassari
E287,IMBERSAGO,Lecco
E288,IMER,Trento
E289,IMOLA,Bologna
E290,IMPERIA,Imperia
E291,IMPRUNETA,Firenze
E292,INARZO,Varese
E295,INCISA SCAPACCINO,Asti
E297,INCUDINE,Brescia
E299,INDUNO OLONA,Varese
E301,INGRIA,Torino
E304,INTRAGNA,Verbano-Cusio-Ossola
E305,INTROBIO,Lecco
E306,INTROD,Aosta
E307,INTRODACQUA,L'Aquila
E309,INVERIGO,Como
E310,INVERNO E MONTELEONE,Pavia
E311,INVERSO PINASCA,Torino
E313,INVERUNO,Milano
E314,INVORIO,Novara
E317,INZAGO,Milano
E323,IRGOLI,Nuoro
E325,IRMA,Brescia
E326,IRSINA,Matera
E327,ISASCA,Cuneo
E328,ISCA SULLO IONIO,Catanzaro
E329,ISCHIA,Napoli
E330,ISCHIA DI CASTRO,Viterbo
E332,ISCHITELLA,Foggia
E333,ISEO,Brescia
E334,ISERA,Trento
E335,ISERNIA,Isernia
E336,ISILI,Sud Sardegna
E337,ISNELLO,Palermo
E338,ISOLA D'ASTI,Asti
E341,ISOLA DEL CANTONE,Genova
E348,ISOLA DEL GIGLIO,Grosseto
E343,ISOLA DEL GRAN SASSO D'ITALIA,Teramo
E340,ISOLA DEL LIRI,Frosinone
E351,ISOLA DEL PIANO,Pesaro e Urbino
E349,ISOLA DELLA SCALA,Verona
E350,ISOLA DELLE FEMMINE,Palermo
E339,ISOLA DI CAPO RIZZUTO,Crotone
E353,ISOLA DI FONDRA,Bergamo
E356,ISOLA DOVARESE,Cremona
E358,ISOLA RIZZA,Verona
E360,ISOLA SANT'ANTONIO,Alessandria
E354,ISOLA VICENTINA,Vicenza
E345,ISOLABELLA,Torino
E346,ISOLABONA,Imperia
E363,ISOLE TREMITI,Foggia
E364,ISORELLA,Brescia
E365,ISPANI,Salerno
E366,ISPICA,Ragusa
E367,ISPRA,Varese
E368,ISSIGLIO,Torino
E369,ISSIME,Aosta
E370,ISSO,Bergamo
E371,ISSOGNE,Aosta
E373,ISTRANA,Treviso
E374,ITALA,Messina
E375,ITRI,Latina
E376,ITTIREDDU,Sassari
E377,ITTIRI,Sassari
E379,IVREA,Torino
E380,IZANO,Cremona
E274,JACURSO,Catanzaro
E381,JELSI,Campobasso
E382,JENNE,Roma
E386,JERAGO CON ORAGO,Varese
E387,JERZU,Nuoro
E388,JESI,Ancona
C388,JESOLO,Venezia
E320,JOLANDA DI SAVOIA,Ferrara
E321,JONADI,Vibo Valentia
E389,JOPPOLO,Vibo Valentia
E390,JOPPOLO GIANCAXIO,Agrigento
E391,JOVENCAN,Aosta
A345,L'AQUILA,L'Aquila
E394,LA CASSA,Torino
E423,LA LOGGIA,Torino
E425,LA MADDALENA,Sassari
A308,LA MAGDELEINE,Aosta
E430,LA MORRA,Cuneo
E458,LA SALLE,Aosta
E463,LA SPEZIA,La Spezia
E470,LA THUILE,Aosta
E490,LA VALLE AGORDINA,Belluno
E491,LA VALLE/WENGEN,Bolzano
M348,LA VALLETTA BRIANZA,Lecco
E392,LABICO,Roma
E393,LABRO,Rieti
E395,LACCHIARELLA,Milano
E396,LACCO AMENO,Napoli
E397,LACEDONIA,Avellino
E398,LACES/LATSCH,Bolzano
E400,LACONI,Oristano
M212,LADISPOLI,Roma
E401,LAERRU,Sassari
E402,LAGANADI,Reggio di Calabria
E403,LAGHI,Vicenza
E405,LAGLIO,Como
E406,LAGNASCO,Cuneo
E407,LAGO,Cosenza
E409,LAGONEGRO,Potenza
E410,LAGOSANTO,Ferrara
E412,LAGUNDO/ALGUND,Bolzano
E414,LAIGUEGLIA,Savona
E415,LAINATE,Milano
E416,LAINO,Como
E417,LAINO BORGO,Cosenza
E419,LAINO CASTELLO,Cosenza
E420,LAION/LAJEN,Bolzano
E421,LAIVES/LEIFERS,Bolzano
E413,LAJATICO,Pisa
E422,LALLIO,Bergamo
E424,LAMA DEI PELIGNI,Chieti
E426,LAMA MOCOGNO,Modena
E428,LAMBRUGO,Como
M208,LAMEZIA TERME,Catanzaro
E429,LAMON,Belluno
E431,LAMPEDUSA E LINOSA,Agrigento
E432,LAMPORECCHIO,Pistoia
E433,LAMPORO,Vercelli
E434,LANA/LANA,Bolzano
E435,LANCIANO,Chieti
E436,LANDIONA,Novara
E437,LANDRIANO,Pavia
E438,LANGHIRANO,Parma
E439,LANGOSCO,Pavia
E441,LANUSEI,Nuoro
C767,LANUVIO,Roma
E443,LANZADA,Sondrio
E445,LANZO TORINESE,Torino
E447,LAPEDONA,Fermo
E448,LAPIO,Avellino
E450,LAPPANO,Cosenza
E451,LARCIANO,Pistoia
E454,LARDIRAGO,Pavia
M207,LARIANO,Roma
E456,LARINO,Campobasso
E464,LAS PLASSAS,Sud Sardegna
E457,LASA/LAAS,Bolzano
E459,LASCARI,Palermo
E462,LASNIGO,Como
E465,LASTEBASSE,Vicenza
E466,LASTRA A SIGNA,Firenze
E467,LATERA,Viterbo
M392,LATERINA PERGINE VALDARNO,Arezzo
E469,LATERZA,Taranto
E471,LATIANO,Brindisi
E472,LATINA,Latina
E473,LATISANA,Udine
E474,LATRONICO,Potenza
E475,LATTARICO,Cosenza
E476,LAUCO,Udine
E480,LAUREANA CILENTO,Salerno
E479,LAUREANA DI BORRELLO,Reggio di Calabria
E481,LAUREGNO/LAUREIN,Bolzano
E482,LAURENZANA,Potenza
E483,LAURIA,Potenza
E484,LAURIANO,Torino
E485,LAURINO,Salerno
E486,LAURITO,Salerno
E487,LAURO,Avellino
E488,LAVAGNA,Genova
E489,LAVAGNO,Verona
E492,LAVARONE,Trento
E493,LAVELLO,Potenza
E494,LAVENA PONTE TRESA,Varese
E496,LAVENO-MOMBELLO,Varese
E497,LAVENONE,Brescia
E498,LAVIANO,Salerno
E500,LAVIS,Trento
E502,LAZISE,Verona
E504,LAZZATE,Monza e della Brianza
E506,LECCE,Lecce
E505,LECCE NEI MARSI,L'Aquila
E507,LECCO,Lecco
M313,LEDRO,Trento
E509,LEFFE,Bergamo
E510,LEGGIUNO,Varese
E512,LEGNAGO,Verona
E514,LEGNANO,Milano
E515,LEGNARO,Padova
E517,LEI,Nuoro
E518,LEINI,Torino
E519,LEIVI,Genova
E520,LEMIE,Torino
E522,LENDINARA,Rovigo
E523,LENI,Messina
E524,LENNA,Bergamo
E526,LENO,Brescia
E527,LENOLA,Latina
E528,LENTA,Vercelli
E530,LENTATE SUL SEVESO,Monza e della Brianza
E531,LENTELLA,Chieti
E532,LENTINI,Siracusa
E535,LEONESSA,Rieti
E536,LEONFORTE,Enna
E537,LEPORANO,Taranto
E538,LEQUILE,Lecce
E540,LEQUIO BERRIA,Cuneo
E539,LEQUIO TANARO,Cuneo
E541,LERCARA FRIDDI,Palermo
E542,LERICI,La Spezia
E543,LERMA,Alessandria
E544,LESA,Novara
E546,LESEGNO,Cuneo
E547,LESIGNANO DE' BAGNI,Parma
E549,LESINA,Foggia
E550,LESMO,Monza e della Brianza
E551,LESSOLO,Torino
M371,LESSONA,Biella
E553,LESTIZZA,Udine
E554,LETINO,Caserta
E555,LETOJANNI,Messina
E557,LETTERE,Napoli
E558,LETTOMANOPPELLO,Pescara
E559,LETTOPALENA,Chieti
E560,LEVANTO,La Spezia
E562,LEVATE,Bergamo
E563,LEVERANO,Lecce
E564,LEVICE,Cuneo
E565,LEVICO TERME,Trento
E566,LEVONE,Torino
E569,LEZZENO,Como
E570,LIBERI,Caserta
E571,LIBRIZZI,Messina
E573,LICATA,Agrigento
E574,LICCIANA NARDI,Massa Carrara
E576,LICENZA,Roma
E578,LICODIA EUBEA,Catania
E581,LIERNA,Lecco
E583,LIGNANA,Vercelli
E584,LIGNANO SABBIADORO,Udine
E587,LILLIANES,Aosta
E588,LIMANA,Belluno
E589,LIMATOLA,Benevento
E590,LIMBADI,Vibo Valentia
E591,LIMBIATE,Monza e della Brianza
E592,LIMENA,Padova
E593,LIMIDO COMASCO,Como
E594,LIMINA,Messina
E597,LIMONE PIEMONTE,Cuneo
E596,LIMONE SUL GARDA,Brescia
E599,LIMOSANO,Campobasso
E600,LINAROLO,Pavia
E602,LINGUAGLOSSA,Catania
E605,LIONI,Avellino
E606,LIPARI,Messina
E607,LIPOMO,Como
E608,LIRIO,Pavia
E610,LISCATE,Milano
E611,LISCIA,Chieti
E613,LISCIANO NICCONE,Perugia
E615,LISIO,Cuneo
E617,LISSONE,Monza e della Brianza
E620,LIVERI,Napoli
E621,LIVIGNO,Sondrio
E622,LIVINALLONGO DEL COL DI LANA,Belluno
E624,LIVO,Trento
E623,LIVO,Como
E625,LIVORNO,Livorno
E626,LIVORNO FERRARIS,Vercelli
E627,LIVRAGA,Lodi
E629,LIZZANELLO,Lecce
E630,LIZZANO,Taranto
A771,LIZZANO IN BELVEDERE,Bologna
E632,LOANO,Savona
E633,LOAZZOLO,Asti
E635,LOCANA,Torino
E639,LOCATE DI TRIULZI,Milano
E638,LOCATE VARESINO,Como
E640,LOCATELLO,Bergamo
E644,LOCERI,Nuoro
E645,LOCOROTONDO,Bari
D976,LOCRI,Reggio di Calabria
E646,LOCULI,Nuoro
E647,LODE',Nuoro
E648,LODI,Lodi
E651,LODI VECCHIO,Lodi
E649,LODINE,Nuoro
E652,LODRINO,Brescia
E654,LOGRATO,Brescia
E655,LOIANO,Bologna
M275,LOIRI PORTO SAN PAOLO,Sassari
E656,LOMAGNA,Lecco
E659,LOMAZZO,Como
E660,LOMBARDORE,Torino
E661,LOMBRIASCO,Torino
E662,LOMELLO,Pavia
E664,LONA-LASES,Trento
E665,LONATE CEPPINO,Varese
E666,LONATE POZZOLO,Varese
M312,LONATO DEL GARDA,Brescia
E668,LONDA,Firenze
E669,LONGANO,Isernia
E671,LONGARE,Vicenza
M342,LONGARONE,Belluno
E673,LONGHENA,Brescia
E674,LONGI,Messina
E675,LONGIANO,Forli'-Cesena
E677,LONGOBARDI,Cosenza
E678,LONGOBUCCO,Cosenza
E679,LONGONE AL SEGRINO,Como
E681,LONGONE SABINO,Rieti
E682,LONIGO,Vicenza
E683,LORANZE',Torino
E684,LOREGGIA,Padova
E685,LOREGLIA,Verbano-Cusio-Ossola
E687,LORENZAGO DI CADORE,Belluno
E689,LOREO,Rovigo
E690,LORETO,Ancona
E691,LORETO APRUTINO,Pescara
E692,LORIA,Treviso
E693,LORO CIUFFENNA,Arezzo
E694,LORO PICENO,Macerata
E695,LORSICA,Genova
E698,LOSINE,Brescia
E700,LOTZORAI,Nuoro
E704,LOVERE,Bergamo
E705,LOVERO,Sondrio
E706,LOZIO,Brescia
E707,LOZZA,Varese
E709,LOZZO ATESTINO,Padova
E708,LOZZO DI CADORE,Belluno
E711,LOZZOLO,Vercelli
M420,LU E CUCCARO MONFERRATO,Alessandria
E713,LUBRIANO,Viterbo
E715,LUCCA,Lucca
E714,LUCCA SICULA,Agrigento
E716,LUCERA,Foggia
E718,LUCIGNANO,Arezzo
E719,LUCINASCO,Imperia
E722,LUCITO,Campobasso
E723,LUCO DEI MARSI,L'Aquila
E724,LUCOLI,L'Aquila
E726,LUGAGNANO VAL D'ARDA,Piacenza
E729,LUGNANO IN TEVERINA,Terni
E730,LUGO,Ravenna
E731,LUGO DI VICENZA,Vicenza
E734,LUINO,Varese
E735,LUISAGO,Como
E736,LULA,Nuoro
E737,LUMARZO,Genova
E738,LUMEZZANE,Brescia
E742,LUNAMATRONA,Sud Sardegna
E743,LUNANO,Pesaro e Urbino
B387,LUNGAVILLA,Pavia
E745,LUNGRO,Cosenza
G143,LUNI,La Spezia
E746,LUOGOSANO,Avellino
E747,LUOGOSANTO,Sassari
E748,LUPARA,Campobasso
E749,LURAGO D'ERBA,Como
E750,LURAGO MARINONE,Como
E751,LURANO,Bergamo
E752,LURAS,Sassari
E753,LURATE CACCIVIO,Como
E754,LUSCIANO,Caserta
E757,LUSERNA,Trento
E758,LUSERNA SAN GIOVANNI,Torino
E759,LUSERNETTA,Torino
E760,LUSEVERA,Udine
E761,LUSIA,Rovigo
M427,LUSIANA CONCO,Vicenza
E763,LUSIGLIE',Torino
E764,LUSON/L├£SEN,Bolzano
E767,LUSTRA,Salerno
E769,LUVINATE,Varese
E770,LUZZANA,Bergamo
E772,LUZZARA,Reggio nell'Emilia
E773,LUZZI,Cosenza
M339,MACCAGNO CON PINO E VEDDASCA,Varese
E777,MACCASTORNA,Lodi
E778,MACCHIA D'ISERNIA,Isernia
E780,MACCHIA VALFORTORE,Campobasso
E779,MACCHIAGODENA,Isernia
E782,MACELLO,Torino
E783,MACERATA,Macerata
E784,MACERATA CAMPANIA,Caserta
E785,MACERATA FELTRIA,Pesaro e Urbino
E786,MACHERIO,Monza e della Brianza
E787,MACLODIO,Brescia
E788,MACOMER,Nuoro
E789,MACRA,Cuneo
E790,MACUGNAGA,Verbano-Cusio-Ossola
E791,MADDALONI,Caserta
E342,MADESIMO,Sondrio
E793,MADIGNANO,Cremona
E794,MADONE,Bergamo
E795,MADONNA DEL SASSO,Verbano-Cusio-Ossola
M357,MADRUZZO,Trento
E798,MAENZA,Latina
E799,MAFALDA,Campobasso
E800,MAGASA,Brescia
E801,MAGENTA,Milano
E803,MAGGIORA,Novara
E804,MAGHERNO,Pavia
E805,MAGIONE,Perugia
E806,MAGISANO,Catanzaro
E809,MAGLIANO ALFIERI,Cuneo
E808,MAGLIANO ALPI,Cuneo
E811,MAGLIANO DE' MARSI,L'Aquila
E807,MAGLIANO DI TENNA,Fermo
E810,MAGLIANO IN TOSCANA,Grosseto
E813,MAGLIANO ROMANO,Roma
E812,MAGLIANO SABINA,Rieti
E814,MAGLIANO VETERE,Salerno
E815,MAGLIE,Lecce
E816,MAGLIOLO,Savona
E817,MAGLIONE,Torino
E818,MAGNACAVALLO,Mantova
E819,MAGNAGO,Milano
E821,MAGNANO,Biella
E820,MAGNANO IN RIVIERA,Udine
E825,MAGOMADAS,Oristano
E829,MAGRE' SULLA STRADA DEL VINO/MARGREID AN DER WEINSTRASSE,Bolzano
E830,MAGREGLIO,Como
E834,MAIDA,Catanzaro
E835,MAIERA',Cosenza
E836,MAIERATO,Vibo Valentia
E837,MAIOLATI SPONTINI,Ancona
E838,MAIOLO,Rimini
E839,MAIORI,Salerno
E840,MAIRAGO,Lodi
E841,MAIRANO,Brescia
E842,MAISSANA,La Spezia
E833,MAJANO,Udine
E843,MALAGNINO,Cremona
E844,MALALBERGO,Bologna
E847,MALBORGHETTO VALBRUNA,Udine
E848,MALCESINE,Verona
E850,MALE',Trento
E851,MALEGNO,Brescia
E852,MALEO,Lodi
E853,MALESCO,Verbano-Cusio-Ossola
E854,MALETTO,Catania
E855,MALFA,Messina
E858,MALGRATE,Lecco
E859,MALITO,Cosenza
E860,MALLARE,Savona
E862,MALLES VENOSTA/MALS,Bolzano
E863,MALNATE,Varese
E864,MALO,Vicenza
E865,MALONNO,Brescia
E868,MALTIGNANO,Ascoli Piceno
E869,MALVAGNA,Messina
E870,MALVICINO,Alessandria
E872,MALVITO,Cosenza
E873,MAMMOLA,Reggio di Calabria
E874,MAMOIADA,Nuoro
E875,MANCIANO,Grosseto
E876,MANDANICI,Messina
E877,MANDAS,Sud Sardegna
E878,MANDATORICCIO,Cosenza
B632,MANDELA,Roma
E879,MANDELLO DEL LARIO,Lecco
E880,MANDELLO VITTA,Novara
E882,MANDURIA,Taranto
E883,MANERBA DEL GARDA,Brescia
E884,MANERBIO,Brescia
E885,MANFREDONIA,Foggia
E887,MANGO,Cuneo
E888,MANGONE,Cosenza
M283,MANIACE,Catania
E889,MANIAGO,Pordenone
E891,MANOCALZATI,Avellino
E892,MANOPPELLO,Pescara
E893,MANSUE',Treviso
E894,MANTA,Cuneo
E896,MANTELLO,Sondrio
E897,MANTOVA,Mantova
E899,MANZANO,Udine
E900,MANZIANA,Roma
E901,MAPELLO,Bergamo
M316,MAPPANO,Torino
E902,MARA,Sassari
E903,MARACALAGONIS,Cagliari
E904,MARANELLO,Modena
E906,MARANO DI NAPOLI,Napoli
E911,MARANO DI VALPOLICELLA,Verona
E908,MARANO EQUO,Roma
E910,MARANO LAGUNARE,Udine
E914,MARANO MARCHESATO,Cosenza
E915,MARANO PRINCIPATO,Cosenza
E905,MARANO SUL PANARO,Modena
E907,MARANO TICINO,Novara
E912,MARANO VICENTINO,Vicenza
E917,MARANZANA,Asti
E919,MARATEA,Potenza
E921,MARCALLO CON CASONE,Milano
E922,MARCARIA,Mantova
E923,MARCEDUSA,Catanzaro
E924,MARCELLINA,Roma
E925,MARCELLINARA,Catanzaro
E927,MARCETELLI,Rieti
E928,MARCHENO,Brescia
E929,MARCHIROLO,Varese
E930,MARCIANA,Livorno
E931,MARCIANA MARINA,Livorno
E932,MARCIANISE,Caserta
E933,MARCIANO DELLA CHIANA,Arezzo
E934,MARCIGNAGO,Pavia
E936,MARCON,Venezia
E938,MAREBBE/ENNEBERG,Bolzano
E939,MARENE,Cuneo
E940,MARENO DI PIAVE,Treviso
E941,MARENTINO,Torino
E944,MARETTO,Asti
E945,MARGARITA,Cuneo
E946,MARGHERITA DI SAVOIA,Barletta-Andria-Trani
E947,MARGNO,Lecco
E949,MARIANA MANTOVANA,Mantova
E951,MARIANO COMENSE,Como
E952,MARIANO DEL FRIULI,Gorizia
E953,MARIANOPOLI,Caltanissetta
E954,MARIGLIANELLA,Napoli
E955,MARIGLIANO,Napoli
E956,MARINA DI GIOIOSA IONICA,Reggio di Calabria
E957,MARINEO,Palermo
E958,MARINO,Roma
E959,MARLENGO/MARLING,Bolzano
E960,MARLIANA,Pistoia
E961,MARMENTINO,Brescia
E962,MARMIROLO,Mantova
E963,MARMORA,Cuneo
E965,MARNATE,Varese
E967,MARONE,Brescia
E968,MAROPATI,Reggio di Calabria
E970,MAROSTICA,Vicenza
E971,MARRADI,Firenze
E972,MARRUBIU,Oristano
E973,MARSAGLIA,Cuneo
E974,MARSALA,Trapani
E975,MARSCIANO,Perugia
E976,MARSICO NUOVO,Potenza
E977,MARSICOVETERE,Potenza
E978,MARTA,Viterbo
E979,MARTANO,Lecce
E980,MARTELLAGO,Venezia
E981,MARTELLO/MARTELL,Bolzano
E982,MARTIGNACCO,Udine
E983,MARTIGNANA DI PO,Cremona
E984,MARTIGNANO,Lecce
E986,MARTINA FRANCA,Taranto
E987,MARTINENGO,Bergamo
E988,MARTINIANA PO,Cuneo
E989,MARTINSICURO,Teramo
E990,MARTIRANO,Catanzaro
E991,MARTIRANO LOMBARDO,Catanzaro
E992,MARTIS,Sassari
E993,MARTONE,Reggio di Calabria
E994,MARUDO,Lodi
E995,MARUGGIO,Taranto
B689,MARZABOTTO,Bologna
E999,MARZANO,Pavia
E998,MARZANO APPIO,Caserta
E997,MARZANO DI NOLA,Avellino
F001,MARZI,Cosenza
F002,MARZIO,Varese
M270,MASAINAS,Sud Sardegna
F003,MASATE,Milano
F004,MASCALI,Catania
F005,MASCALUCIA,Catania
F006,MASCHITO,Potenza
F007,MASCIAGO PRIMO,Varese
F009,MASER,Treviso
F010,MASERA,Verbano-Cusio-Ossola
F011,MASERA' DI PADOVA,Padova
F012,MASERADA SUL PIAVE,Treviso
F013,MASI,Padova
F016,MASI TORELLO,Ferrara
F015,MASIO,Alessandria
F017,MASLIANICO,Como
F020,MASONE,Genova
F023,MASSA,Massa Carrara
F022,MASSA D'ALBE,L'Aquila
M289,MASSA DI SOMMA,Napoli
F025,MASSA E COZZILE,Pistoia
F021,MASSA FERMANA,Fermo
F029,MASSA LOMBARDA,Ravenna
F030,MASSA LUBRENSE,Napoli
F032,MASSA MARITTIMA,Grosseto
F024,MASSA MARTANA,Perugia
F027,MASSAFRA,Taranto
F028,MASSALENGO,Lodi
F033,MASSANZAGO,Padova
F035,MASSAROSA,Lucca
F037,MASSAZZA,Biella
F041,MASSELLO,Torino
F042,MASSERANO,Biella
F044,MASSIGNANO,Ascoli Piceno
F045,MASSIMENO,Trento
F046,MASSIMINO,Savona
F047,MASSINO VISCONTI,Novara
F048,MASSIOLA,Verbano-Cusio-Ossola
F050,MASULLAS,Oristano
F051,MATELICA,Macerata
F052,MATERA,Matera
F053,MATHI,Torino
F054,MATINO,Lecce
F055,MATRICE,Campobasso
F058,MATTIE,Torino
F059,MATTINATA,Foggia
F061,MAZARA DEL VALLO,Trapani
F063,MAZZANO,Brescia
F064,MAZZANO ROMANO,Roma
F065,MAZZARINO,Caltanissetta
F066,MAZZARRA' SANT'ANDREA,Messina
M271,MAZZARRONE,Catania
F067,MAZZE',Torino
F068,MAZZIN,Trento
F070,MAZZO DI VALTELLINA,Sondrio
F074,MEANA DI SUSA,Torino
F073,MEANA SARDO,Nuoro
F078,MEDA,Monza e della Brianza
F080,MEDE,Pavia
F081,MEDEA,Gorizia
F082,MEDESANO,Parma
F083,MEDICINA,Bologna
F084,MEDIGLIA,Milano
F085,MEDOLAGO,Bergamo
F086,MEDOLE,Mantova
F087,MEDOLLA,Modena
F088,MEDUNA DI LIVENZA,Treviso
F089,MEDUNO,Pordenone
F092,MEGLIADINO SAN VITALE,Padova
F093,MEINA,Novara
F095,MELARA,Rovigo
F096,MELAZZO,Alessandria
F097,MELDOLA,Forli'-Cesena
F098,MELE,Genova
F100,MELEGNANO,Milano
F101,MELENDUGNO,Lecce
F102,MELETI,Lodi
F104,MELFI,Potenza
F105,MELICUCCA',Reggio di Calabria
F106,MELICUCCO,Reggio di Calabria
F107,MELILLI,Siracusa
F108,MELISSA,Crotone
F109,MELISSANO,Lecce
F111,MELITO DI NAPOLI,Napoli
F112,MELITO DI PORTO SALVO,Reggio di Calabria
F110,MELITO IRPINO,Avellino
F113,MELIZZANO,Benevento
F114,MELLE,Cuneo
F115,MELLO,Sondrio
F117,MELPIGNANO,Lecce
F118,MELTINA/M├ûLTEN,Bolzano
F119,MELZO,Milano
F120,MENAGGIO,Como
F122,MENCONICO,Pavia
F123,MENDATICA,Imperia
F125,MENDICINO,Cosenza
F126,MENFI,Agrigento
F127,MENTANA,Roma
F130,MEOLO,Venezia
F131,MERANA,Alessandria
F132,MERANO/MERAN,Bolzano
F133,MERATE,Lecco
F134,MERCALLO,Varese
F135,MERCATELLO SUL METAURO,Pesaro e Urbino
F136,MERCATINO CONCA,Pesaro e Urbino
F138,MERCATO SAN SEVERINO,Salerno
F139,MERCATO SARACENO,Forli'-Cesena
F140,MERCENASCO,Torino
F141,MERCOGLIANO,Avellino
F144,MERETO DI TOMBA,Udine
F145,MERGO,Ancona
F146,MERGOZZO,Verbano-Cusio-Ossola
F147,MERI',Messina
F148,MERLARA,Padova
F149,MERLINO,Lodi
F151,MERONE,Como
F152,MESAGNE,Brindisi
F153,MESE,Sondrio
F154,MESENZANA,Varese
F155,MESERO,Milano
F156,MESOLA,Ferrara
F157,MESORACA,Crotone
F158,MESSINA,Messina
F161,MESTRINO,Padova
F162,META,Napoli
F165,MEZZAGO,Monza e della Brianza
F168,MEZZANA,Trento
F170,MEZZANA BIGLI,Pavia
F167,MEZZANA MORTIGLIENGO,Biella
F171,MEZZANA RABATTONE,Pavia
F172,MEZZANE DI SOTTO,Verona
F173,MEZZANEGO,Genova
F175,MEZZANINO,Pavia
F176,MEZZANO,Trento
F182,MEZZENILE,Torino
F183,MEZZOCORONA,Trento
F184,MEZZOJUSO,Palermo
F186,MEZZOLDO,Bergamo
F187,MEZZOLOMBARDO,Trento
F188,MEZZOMERICO,Novara
F189,MIAGLIANO,Biella
F190,MIANE,Treviso
F191,MIASINO,Novara
F192,MIAZZINA,Verbano-Cusio-Ossola
F193,MICIGLIANO,Rieti
F194,MIGGIANO,Lecce
F196,MIGLIANICO,Chieti
F200,MIGLIERINA,Catanzaro
F201,MIGLIONICO,Matera
F202,MIGNANEGO,Genova
F203,MIGNANO MONTE LUNGO,Caserta
F205,MILANO,Milano
F206,MILAZZO,Messina
E618,MILENA,Caltanissetta
F207,MILETO,Vibo Valentia
F208,MILIS,Oristano
F209,MILITELLO IN VAL DI CATANIA,Catania
F210,MILITELLO ROSMARINO,Messina
F213,MILLESIMO,Savona
F214,MILO,Catania
F216,MILZANO,Brescia
F217,MINEO,Catania
F218,MINERBE,Verona
F219,MINERBIO,Bologna
F221,MINERVINO DI LECCE,Lecce
F220,MINERVINO MURGE,Barletta-Andria-Trani
F223,MINORI,Salerno
F224,MINTURNO,Latina
F225,MINUCCIANO,Lucca
F226,MIOGLIA,Savona
F229,MIRA,Venezia
F230,MIRABELLA ECLANO,Avellino
F231,MIRABELLA IMBACCARI,Catania
F232,MIRABELLO MONFERRATO,Alessandria
F233,MIRABELLO SANNITICO,Campobasso
F238,MIRADOLO TERME,Pavia
F239,MIRANDA,Isernia
F240,MIRANDOLA,Modena
F241,MIRANO,Venezia
F242,MIRTO,Messina
F244,MISANO ADRIATICO,Rimini
F243,MISANO DI GERA D'ADDA,Bergamo
M432,MISILISCEMI,Trapani
F246,MISILMERI,Palermo
F247,MISINTO,Monza e della Brianza
F248,MISSAGLIA,Lecco
F249,MISSANELLO,Potenza
F250,MISTERBIANCO,Catania
F251,MISTRETTA,Messina
F254,MOASCA,Asti
F256,MOCONESI,Genova
F257,MODENA,Modena
F258,MODICA,Ragusa
F259,MODIGLIANA,Forli'-Cesena
F261,MODOLO,Oristano
F262,MODUGNO,Bari
F263,MOENA,Trento
F265,MOGGIO,Lecco
F266,MOGGIO UDINESE,Udine
F267,MOGLIA,Mantova
F268,MOGLIANO,Macerata
F269,MOGLIANO VENETO,Treviso
F270,MOGORELLA,Oristano
F272,MOGORO,Oristano
F274,MOIANO,Benevento
F275,MOIMACCO,Udine
F277,MOIO ALCANTARA,Messina
F276,MOIO DE' CALVI,Bergamo
F278,MOIO DELLA CIVITELLA,Salerno
F279,MOIOLA,Cuneo
F280,MOLA DI BARI,Bari
F281,MOLARE,Alessandria
F283,MOLAZZANA,Lucca
F284,MOLFETTA,Bari
M255,MOLINA ATERNO,L'Aquila
F287,MOLINARA,Benevento
F288,MOLINELLA,Bologna
F290,MOLINI DI TRIORA,Imperia
F293,MOLINO DEI TORTI,Alessandria
F294,MOLISE,Campobasso
F295,MOLITERNO,Potenza
F297,MOLLIA,Vercelli
F301,MOLOCHIO,Reggio di Calabria
F304,MOLTENO,Lecco
F305,MOLTRASIO,Como
F307,MOLVENO,Trento
F308,MOMBALDONE,Asti
F309,MOMBARCARO,Cuneo
F310,MOMBAROCCIO,Pesaro e Urbino
F311,MOMBARUZZO,Asti
F312,MOMBASIGLIO,Cuneo
F315,MOMBELLO DI TORINO,Torino
F313,MOMBELLO MONFERRATO,Alessandria
F316,MOMBERCELLI,Asti
F317,MOMO,Novara
F318,MOMPANTERO,Torino
F319,MOMPEO,Rieti
F320,MOMPERONE,Alessandria
F322,MONACILIONI,Campobasso
F323,MONALE,Asti
F324,MONASTERACE,Reggio di Calabria
F325,MONASTERO BORMIDA,Asti
F327,MONASTERO DI LANZO,Torino
F326,MONASTERO DI VASCO,Cuneo
F329,MONASTEROLO CASOTTO,Cuneo
F328,MONASTEROLO DEL CASTELLO,Bergamo
F330,MONASTEROLO DI SAVIGLIANO,Cuneo
F332,MONASTIER DI TREVISO,Treviso
F333,MONASTIR,Sud Sardegna
F335,MONCALIERI,Torino
F336,MONCALVO,Asti
D553,MONCENISIO,Torino
F337,MONCESTINO,Alessandria
F338,MONCHIERO,Cuneo
F340,MONCHIO DELLE CORTI,Parma
F342,MONCRIVELLO,Vercelli
F343,MONCUCCO TORINESE,Asti
F346,MONDAINO,Rimini
F347,MONDAVIO,Pesaro e Urbino
F348,MONDOLFO,Pesaro e Urbino
F351,MONDOVI',Cuneo
F352,MONDRAGONE,Caserta
F354,MONEGLIA,Genova
F355,MONESIGLIO,Cuneo
F356,MONFALCONE,Gorizia
F358,MONFORTE D'ALBA,Cuneo
F359,MONFORTE SAN GIORGIO,Messina
F360,MONFUMO,Treviso
F361,MONGARDINO,Asti
F363,MONGHIDORO,Bologna
F364,MONGIANA,Vibo Valentia
F365,MONGIARDINO LIGURE,Alessandria
F368,MONGIUFFI MELIA,Messina
F369,MONGRANDO,Biella
F370,MONGRASSANO,Cosenza
F371,MONGUELFO-TESIDO/WELSBERG-TAISTEN,Bolzano
F372,MONGUZZO,Como
F373,MONIGA DEL GARDA,Brescia
F374,MONLEALE,Alessandria
F375,MONNO,Brescia
F376,MONOPOLI,Bari
F377,MONREALE,Palermo
F378,MONRUPINO,Trieste
F379,MONSAMPIETRO MORICO,Fermo
F380,MONSAMPOLO DEL TRONTO,Ascoli Piceno
F381,MONSANO,Ancona
F382,MONSELICE,Padova
F383,MONSERRATO,Cagliari
F384,MONSUMMANO TERME,Pistoia
F385,MONTA',Cuneo
F386,MONTABONE,Asti
F387,MONTACUTO,Alessandria
F390,MONTAFIA,Asti
F391,MONTAGANO,Campobasso
F393,MONTAGNA IN VALTELLINA,Sondrio
F392,MONTAGNA SULLA STRADA DEL VINO/MONTAN AN DER WEINSTRASSE,Bolzano
F394,MONTAGNANA,Padova
F395,MONTAGNAREALE,Messina
F397,MONTAGUTO,Avellino
F398,MONTAIONE,Firenze
F400,MONTALBANO ELICONA,Messina
F399,MONTALBANO JONICO,Matera
M378,MONTALCINO,Siena
F403,MONTALDEO,Alessandria
F404,MONTALDO BORMIDA,Alessandria
F405,MONTALDO DI MONDOVI',Cuneo
F408,MONTALDO ROERO,Cuneo
F409,MONTALDO SCARAMPI,Asti
F407,MONTALDO TORINESE,Torino
F410,MONTALE,Pistoia
F411,MONTALENGHE,Torino
F414,MONTALLEGRO,Agrigento
M387,MONTALTO CARPASIO,Imperia
F415,MONTALTO DELLE MARCHE,Ascoli Piceno
F419,MONTALTO DI CASTRO,Viterbo
F420,MONTALTO DORA,Torino
F417,MONTALTO PAVESE,Pavia
F416,MONTALTO UFFUGO,Cosenza
F422,MONTANARO,Torino
F423,MONTANASO LOMBARDO,Lodi
F424,MONTANERA,Cuneo
F426,MONTANO ANTILIA,Salerno
F427,MONTANO LUCINO,Como
F428,MONTAPPONE,Fermo
F429,MONTAQUILA,Isernia
F430,MONTASOLA,Rieti
F432,MONTAURO,Catanzaro
F433,MONTAZZOLI,Chieti
F437,MONTE ARGENTARIO,Grosseto
F456,MONTE CASTELLO DI VIBIO,Perugia
F460,MONTE CAVALLO,Macerata
F467,MONTE CERIGNONE,Pesaro e Urbino
F477,MONTE COMPATRI,Roma
F434,MONTE CREMASCO,Cremona
F486,MONTE DI MALO,Vicenza
F488,MONTE DI PROCIDA,Napoli
F517,MONTE GIBERTO,Fermo
F524,MONTE GRIMANO TERME,Pesaro e Urbino
F532,MONTE ISOLA,Brescia
F561,MONTE MARENZO,Lecco
F589,MONTE PORZIO,Pesaro e Urbino
F590,MONTE PORZIO CATONE,Roma
F599,MONTE RINALDO,Fermo
F600,MONTE ROBERTO,Ancona
F603,MONTE ROMANO,Viterbo
F616,MONTE SAN BIAGIO,Latina
F618,MONTE SAN GIACOMO,Salerno
F620,MONTE SAN GIOVANNI CAMPANO,Frosinone
F619,MONTE SAN GIOVANNI IN SABINA,Rieti
F621,MONTE SAN GIUSTO,Macerata
F622,MONTE SAN MARTINO,Macerata
F626,MONTE SAN PIETRANGELI,Fermo
F627,MONTE SAN PIETRO,Bologna
F628,MONTE SAN SAVINO,Arezzo
F634,MONTE SAN VITO,Ancona
F631,MONTE SANT'ANGELO,Foggia
F629,MONTE SANTA MARIA TIBERINA,Perugia
F653,MONTE URANO,Fermo
F664,MONTE VIDON COMBATTE,Fermo
F665,MONTE VIDON CORRADO,Fermo
F440,MONTEBELLO DELLA BATTAGLIA,Pavia
F441,MONTEBELLO DI BERTONA,Pescara
D746,MONTEBELLO JONICO,Reggio di Calabria
B268,MONTEBELLO SUL SANGRO,Chieti
F442,MONTEBELLO VICENTINO,Vicenza
F443,MONTEBELLUNA,Treviso
F445,MONTEBRUNO,Genova
F446,MONTEBUONO,Rieti
F450,MONTECALVO IN FOGLIA,Pesaro e Urbino
F448,MONTECALVO IRPINO,Avellino
F449,MONTECALVO VERSIGGIA,Pavia
F452,MONTECARLO,Lucca
F453,MONTECAROTTO,Ancona
F454,MONTECASSIANO,Macerata
F455,MONTECASTELLO,Alessandria
F457,MONTECASTRILLI,Terni
F458,MONTECATINI VAL DI CECINA,Pisa
A561,MONTECATINI-TERME,Pistoia
F461,MONTECCHIA DI CROSARA,Verona
F462,MONTECCHIO,Terni
F463,MONTECCHIO EMILIA,Reggio nell'Emilia
F464,MONTECCHIO MAGGIORE,Vicenza
F465,MONTECCHIO PRECALCINO,Vicenza
F469,MONTECHIARO D'ACQUI,Alessandria
F468,MONTECHIARO D'ASTI,Asti
F473,MONTECHIARUGOLO,Parma
F475,MONTECILFONE,Campobasso
F478,MONTECOPIOLO,Rimini
F479,MONTECORICE,Salerno
F480,MONTECORVINO PUGLIANO,Salerno
F481,MONTECORVINO ROVELLA,Salerno
F482,MONTECOSARO,Macerata
F483,MONTECRESTESE,Verbano-Cusio-Ossola
F484,MONTECRETO,Modena
F487,MONTEDINOVE,Ascoli Piceno
F489,MONTEDORO,Caltanissetta
F491,MONTEFALCIONE,Avellino
F492,MONTEFALCO,Perugia
F493,MONTEFALCONE APPENNINO,Fermo
F494,MONTEFALCONE DI VAL FORTORE,Benevento
F495,MONTEFALCONE NEL SANNIO,Campobasso
F496,MONTEFANO,Macerata
F497,MONTEFELCINO,Pesaro e Urbino
F498,MONTEFERRANTE,Chieti
F499,MONTEFIASCONE,Viterbo
F500,MONTEFINO,Teramo
F502,MONTEFIORE CONCA,Rimini
F501,MONTEFIORE DELL'ASO,Ascoli Piceno
F503,MONTEFIORINO,Modena
F504,MONTEFLAVIO,Roma
F507,MONTEFORTE CILENTO,Salerno
F508,MONTEFORTE D'ALPONE,Verona
F506,MONTEFORTE IRPINO,Avellino
F509,MONTEFORTINO,Fermo
F510,MONTEFRANCO,Terni
F511,MONTEFREDANE,Avellino
F512,MONTEFUSCO,Avellino
F513,MONTEGABBIONE,Terni
F514,MONTEGALDA,Vicenza
F515,MONTEGALDELLA,Vicenza
F516,MONTEGALLO,Ascoli Piceno
F518,MONTEGIOCO,Alessandria
F519,MONTEGIORDANO,Cosenza
F520,MONTEGIORGIO,Fermo
F522,MONTEGRANARO,Fermo
F523,MONTEGRIDOLFO,Rimini
F526,MONTEGRINO VALTRAVAGLIA,Varese
F527,MONTEGROSSO D'ASTI,Asti
F528,MONTEGROSSO PIAN LATTE,Imperia
F529,MONTEGROTTO TERME,Padova
F531,MONTEIASI,Taranto
F533,MONTELABBATE,Pesaro e Urbino
F534,MONTELANICO,Roma
F535,MONTELAPIANO,Chieti
F543,MONTELEONE D'ORVIETO,Terni
F536,MONTELEONE DI FERMO,Fermo
F538,MONTELEONE DI PUGLIA,Foggia
F540,MONTELEONE DI SPOLETO,Perugia
F542,MONTELEONE ROCCA DORIA,Sassari
F541,MONTELEONE SABINO,Rieti
F544,MONTELEPRE,Palermo
F545,MONTELIBRETTI,Roma
F546,MONTELLA,Avellino
F547,MONTELLO,Bergamo
F548,MONTELONGO,Campobasso
F549,MONTELPARO,Fermo
F550,MONTELUPO ALBESE,Cuneo
F551,MONTELUPO FIORENTINO,Firenze
F552,MONTELUPONE,Macerata
F553,MONTEMAGGIORE BELSITO,Palermo
F556,MONTEMAGNO MONFERRATO,Asti
F558,MONTEMALE DI CUNEO,Cuneo
F559,MONTEMARANO,Avellino
F560,MONTEMARCIANO,Ancona
F562,MONTEMARZINO,Alessandria
F563,MONTEMESOLA,Taranto
F564,MONTEMEZZO,Como
F565,MONTEMIGNAIO,Arezzo
F566,MONTEMILETTO,Avellino
F568,MONTEMILONE,Potenza
F569,MONTEMITRO,Campobasso
F570,MONTEMONACO,Ascoli Piceno
F572,MONTEMURLO,Prato
F573,MONTEMURRO,Potenza
F574,MONTENARS,Udine
F576,MONTENERO DI BISACCIA,Campobasso
F579,MONTENERO SABINO,Rieti
F580,MONTENERO VAL COCCHIARA,Isernia
F578,MONTENERODOMO,Chieti
F582,MONTEODORISIO,Chieti
F586,MONTEPAONE,Catanzaro
F587,MONTEPARANO,Taranto
F591,MONTEPRANDONE,Ascoli Piceno
F592,MONTEPULCIANO,Siena
F594,MONTERCHI,Arezzo
F595,MONTEREALE,L'Aquila
F596,MONTEREALE VALCELLINA,Pordenone
F597,MONTERENZIO,Bologna
F598,MONTERIGGIONI,Siena
F601,MONTERODUNI,Isernia
F605,MONTERONI D'ARBIA,Siena
F604,MONTERONI DI LECCE,Lecce
F606,MONTEROSI,Viterbo
F609,MONTEROSSO AL MARE,La Spezia
F610,MONTEROSSO ALMO,Ragusa
F607,MONTEROSSO CALABRO,Vibo Valentia
F608,MONTEROSSO GRANA,Cuneo
F611,MONTEROTONDO,Roma
F612,MONTEROTONDO MARITTIMO,Grosseto
F614,MONTERUBBIANO,Fermo
F623,MONTESANO SALENTINO,Lecce
F625,MONTESANO SULLA MARCELLANA,Salerno
F636,MONTESARCHIO,Benevento
F637,MONTESCAGLIOSO,Matera
F638,MONTESCANO,Pavia
F639,MONTESCHENO,Verbano-Cusio-Ossola
F640,MONTESCUDAIO,Pisa
M368,MONTESCUDO - MONTE COLOMBO,Rimini
F642,MONTESE,Modena
F644,MONTESEGALE,Pavia
F646,MONTESILVANO,Pescara
F648,MONTESPERTOLI,Firenze
F651,MONTEU DA PO,Torino
F654,MONTEU ROERO,Cuneo
F655,MONTEVAGO,Agrigento
F656,MONTEVARCHI,Arezzo
F657,MONTEVECCHIA,Lecco
F660,MONTEVERDE,Avellino
F661,MONTEVERDI MARITTIMO,Pisa
F662,MONTEVIALE,Vicenza
F666,MONTEZEMOLO,Cuneo
F667,MONTI,Sassari
F668,MONTIANO,Forli'-Cesena
F672,MONTICELLI BRUSATI,Brescia
F671,MONTICELLI D'ONGINA,Piacenza
F670,MONTICELLI PAVESE,Pavia
F674,MONTICELLO BRIANZA,Lecco
F675,MONTICELLO CONTE OTTO,Vicenza
F669,MONTICELLO D'ALBA,Cuneo
F471,MONTICHIARI,Brescia
F676,MONTICIANO,Siena
F677,MONTIERI,Grosseto
M302,MONTIGLIO MONFERRATO,Asti
F679,MONTIGNOSO,Massa Carrara
F680,MONTIRONE,Brescia
F367,MONTJOVET,Aosta
F681,MONTODINE,Cremona
F682,MONTOGGIO,Genova
F685,MONTONE,Perugia
F687,MONTOPOLI DI SABINA,Rieti
F686,MONTOPOLI IN VAL D'ARNO,Pisa
F688,MONTORFANO,Como
F690,MONTORIO AL VOMANO,Teramo
F689,MONTORIO NEI FRENTANI,Campobasso
F692,MONTORIO ROMANO,Roma
M330,MONTORO,Avellino
F696,MONTORSO VICENTINO,Vicenza
F697,MONTOTTONE,Fermo
F698,MONTRESTA,Oristano
F701,MONTU' BECCARIA,Pavia
F703,MONVALLE,Varese
F704,MONZA,Monza e della Brianza
F705,MONZAMBANO,Mantova
F706,MONZUNO,Bologna
F708,MORANO CALABRO,Cosenza
F707,MORANO SUL PO,Alessandria
M434,MORANSENGO-TONENGO,Asti
F710,MORARO,Gorizia
F711,MORAZZONE,Varese
F712,MORBEGNO,Sondrio
F713,MORBELLO,Alessandria
F716,MORCIANO DI LEUCA,Lecce
F715,MORCIANO DI ROMAGNA,Rimini
F717,MORCONE,Benevento
F718,MORDANO,Bologna
F720,MORENGO,Bergamo
F721,MORES,Sassari
F722,MORESCO,Fermo
F723,MORETTA,Cuneo
F724,MORFASSO,Piacenza
F725,MORGANO,Treviso
F726,MORGEX,Aosta
F727,MORGONGIORI,Oristano
F728,MORI,Trento
F729,MORIAGO DELLA BATTAGLIA,Treviso
F730,MORICONE,Roma
F731,MORIGERATI,Salerno
D033,MORIMONDO,Milano
F732,MORINO,L'Aquila
F733,MORIONDO TORINESE,Torino
F734,MORLUPO,Roma
F735,MORMANNO,Cosenza
F736,MORNAGO,Varese
F737,MORNESE,Alessandria
F738,MORNICO AL SERIO,Bergamo
F739,MORNICO LOSANA,Pavia
F740,MOROLO,Frosinone
F743,MOROZZO,Cuneo
F744,MORRA DE SANCTIS,Avellino
F745,MORRO D'ALBA,Ancona
F747,MORRO D'ORO,Teramo
F746,MORRO REATINO,Rieti
F748,MORRONE DEL SANNIO,Campobasso
F749,MORROVALLE,Macerata
F750,MORSANO AL TAGLIAMENTO,Pordenone
F751,MORSASCO,Alessandria
F754,MORTARA,Pavia
F756,MORTEGLIANO,Udine
F758,MORTERONE,Lecco
F760,MORUZZO,Udine
F761,MOSCAZZANO,Cremona
F762,MOSCHIANO,Avellino
F764,MOSCIANO SANT'ANGELO,Teramo
F765,MOSCUFO,Pescara
F766,MOSO IN PASSIRIA/MOOS IN PASSEIER,Bolzano
F767,MOSSA,Gorizia
F771,MOTTA BALUFFI,Cremona
F772,MOTTA CAMASTRA,Messina
F773,MOTTA D'AFFERMO,Messina
F774,MOTTA DE' CONTI,Vercelli
F770,MOTTA DI LIVENZA,Treviso
F777,MOTTA MONTECORVINO,Foggia
F779,MOTTA SAN GIOVANNI,Reggio di Calabria
F781,MOTTA SANT'ANASTASIA,Catania
F780,MOTTA SANTA LUCIA,Catanzaro
F783,MOTTA VISCONTI,Milano
F775,MOTTAFOLLONE,Cosenza
F776,MOTTALCIATA,Biella
B012,MOTTEGGIANA,Mantova
F784,MOTTOLA,Taranto
F785,MOZZAGROGNA,Chieti
F786,MOZZANICA,Bergamo
F788,MOZZATE,Como
F789,MOZZECANE,Verona
F791,MOZZO,Bergamo
F793,MUCCIA,Macerata
F795,MUGGIA,Trieste
F797,MUGGIO',Monza e della Brianza
F798,MUGNANO DEL CARDINALE,Avellino
F799,MUGNANO DI NAPOLI,Napoli
F801,MULAZZANO,Lodi
F802,MULAZZO,Massa Carrara
F806,MURA,Brescia
F808,MURAVERA,Sud Sardegna
F809,MURAZZANO,Cuneo
F811,MURELLO,Cuneo
F813,MURIALDO,Savona
F814,MURISENGO,Alessandria
F815,MURLO,Siena
F816,MURO LECCESE,Lecce
F817,MURO LUCANO,Potenza
F818,MUROS,Sassari
F820,MUSCOLINE,Brescia
F822,MUSEI,Sud Sardegna
F826,MUSILE DI PIAVE,Venezia
F828,MUSSO,Como
F829,MUSSOLENTE,Vicenza
F830,MUSSOMELI,Caltanissetta
F832,MUZZANA DEL TURGNANO,Udine
F833,MUZZANO,Biella
F835,NAGO-TORBOLE,Trento
F836,NALLES/NALS,Bolzano
F838,NANTO,Vicenza
F839,NAPOLI,Napoli
F840,NARBOLIA,Oristano
F841,NARCAO,Sud Sardegna
F842,NARDO',Lecce
F843,NARDODIPACE,Vibo Valentia
F844,NARNI,Terni
F845,NARO,Agrigento
F846,NARZOLE,Cuneo
F847,NASINO,Savona
F848,NASO,Messina
F849,NATURNO/NATURNS,Bolzano
F851,NAVE,Brescia
F852,NAVELLI,L'Aquila
F856,NAZ-SCIAVES/NATZ-SCHABS,Bolzano
F857,NAZZANO,Roma
F858,NE,Genova
F859,NEBBIUNO,Novara
F861,NEGRAR DI VALPOLICELLA,Verona
F862,NEIRONE,Genova
F863,NEIVE,Cuneo
F864,NEMBRO,Bergamo
F865,NEMI,Roma
F866,NEMOLI,Potenza
F867,NEONELI,Oristano
F868,NEPI,Viterbo
F870,NERETO,Teramo
F871,NEROLA,Roma
F872,NERVESA DELLA BATTAGLIA,Treviso
F874,NERVIANO,Milano
F876,NESPOLO,Rieti
F877,NESSO,Como
F878,NETRO,Biella
F880,NETTUNO,Roma
F881,NEVIANO,Lecce
F882,NEVIANO DEGLI ARDUINI,Parma
F883,NEVIGLIE,Cuneo
F884,NIARDO,Brescia
F886,NIBBIOLA,Novara
F887,NIBIONNO,Lecco
F889,NICHELINO,Torino
F890,NICOLOSI,Catania
F891,NICORVO,Pavia
F892,NICOSIA,Enna
F893,NICOTERA,Vibo Valentia
F894,NIELLA BELBO,Cuneo
F895,NIELLA TANARO,Cuneo
F898,NIMIS,Udine
F899,NISCEMI,Caltanissetta
F900,NISSORIA,Enna
F901,NIZZA DI SICILIA,Messina
F902,NIZZA MONFERRATO,Asti
F904,NOALE,Venezia
F906,NOASCA,Torino
F907,NOCARA,Cosenza
F908,NOCCIANO,Pescara
F912,NOCERA INFERIORE,Salerno
F913,NOCERA SUPERIORE,Salerno
F910,NOCERA TERINESE,Catanzaro
F911,NOCERA UMBRA,Perugia
F914,NOCETO,Parma
F915,NOCI,Bari
F916,NOCIGLIA,Lecce
F917,NOEPOLI,Potenza
F918,NOGARA,Verona
F920,NOGAREDO,Trento
F921,NOGAROLE ROCCA,Verona
F922,NOGAROLE VICENTINO,Vicenza
F923,NOICATTARO,Bari
F924,NOLA,Napoli
F925,NOLE,Torino
F926,NOLI,Savona
F927,NOMAGLIO,Torino
F929,NOMI,Trento
F930,NONANTOLA,Modena
F931,NONE,Torino
F932,NONIO,Verbano-Cusio-Ossola
F933,NORAGUGUME,Nuoro
F934,NORBELLO,Oristano
F935,NORCIA,Perugia
F937,NORMA,Latina
F939,NOSATE,Milano
F942,NOTARESCO,Teramo
F943,NOTO,Siracusa
F949,NOVA LEVANTE/WELSCHNOFEN,Bolzano
F944,NOVA MILANESE,Monza e della Brianza
F950,NOVA PONENTE/DEUTSCHNOFEN,Bolzano
A942,NOVA SIRI,Matera
F137,NOVAFELTRIA,Rimini
F947,NOVALEDO,Trento
F948,NOVALESA,Torino
F952,NOVARA,Novara
F951,NOVARA DI SICILIA,Messina
F956,NOVATE MEZZOLA,Sondrio
F955,NOVATE MILANESE,Milano
F957,NOVE,Vicenza
F958,NOVEDRATE,Como
M430,NOVELLA,Trento
F960,NOVELLARA,Reggio nell'Emilia
F961,NOVELLO,Cuneo
F963,NOVENTA DI PIAVE,Venezia
F962,NOVENTA PADOVANA,Padova
F964,NOVENTA VICENTINA,Vicenza
F966,NOVI DI MODENA,Modena
F965,NOVI LIGURE,Alessandria
F967,NOVI VELIA,Salerno
F968,NOVIGLIO,Milano
F970,NOVOLI,Lecce
F972,NUCETTO,Cuneo
F975,NUGHEDU SAN NICOLO',Sassari
F974,NUGHEDU SANTA VITTORIA,Oristano
F976,NULE,Sassari
F977,NULVI,Sassari
F978,NUMANA,Ancona
F979,NUORO,Nuoro
F980,NURACHI,Oristano
F981,NURAGUS,Sud Sardegna
F982,NURALLAO,Sud Sardegna
F983,NURAMINIS,Sud Sardegna
F985,NURECI,Oristano
F986,NURRI,Sud Sardegna
F987,NUS,Aosta
F988,NUSCO,Avellino
F989,NUVOLENTO,Brescia
F990,NUVOLERA,Brescia
F991,NUXIS,Sud Sardegna
F992,OCCHIEPPO INFERIORE,Biella
F993,OCCHIEPPO SUPERIORE,Biella
F994,OCCHIOBELLO,Rovigo
F995,OCCIMIANO,Alessandria
F996,OCRE,L'Aquila
F997,ODALENGO GRANDE,Alessandria
F998,ODALENGO PICCOLO,Alessandria
F999,ODERZO,Treviso
G001,ODOLO,Brescia
G002,OFENA,L'Aquila
G003,OFFAGNA,Ancona
G004,OFFANENGO,Cremona
G005,OFFIDA,Ascoli Piceno
G006,OFFLAGA,Brescia
G007,OGGEBBIO,Verbano-Cusio-Ossola
G008,OGGIONA CON SANTO STEFANO,Varese
G009,OGGIONO,Lecco
G010,OGLIANICO,Torino
G011,OGLIASTRO CILENTO,Salerno
G015,OLBIA,Sassari
G016,OLCENENGO,Vercelli
G018,OLDENICO,Vercelli
G019,OLEGGIO,Novara
G020,OLEGGIO CASTELLO,Novara
G021,OLEVANO DI LOMELLINA,Pavia
G022,OLEVANO ROMANO,Roma
G023,OLEVANO SUL TUSCIANO,Salerno
G025,OLGIATE COMASCO,Como
G026,OLGIATE MOLGORA,Lecco
G028,OLGIATE OLONA,Varese
G030,OLGINATE,Lecco
G031,OLIENA,Nuoro
G032,OLIVA GESSI,Pavia
G034,OLIVADI,Catanzaro
G036,OLIVERI,Messina
G039,OLIVETO CITRA,Salerno
G040,OLIVETO LARIO,Lecco
G037,OLIVETO LUCANO,Matera
G041,OLIVETTA SAN MICHELE,Imperia
G042,OLIVOLA,Alessandria
G043,OLLASTRA,Oristano
G044,OLLOLAI,Nuoro
G045,OLLOMONT,Aosta
G046,OLMEDO,Sassari
G047,OLMENETA,Cremona
G049,OLMO AL BREMBO,Bergamo
G048,OLMO GENTILE,Asti
G050,OLTRE IL COLLE,Bergamo
G054,OLTRESSENDA ALTA,Bergamo
G056,OLTRONA DI SAN MAMETTE,Como
G058,OLZAI,Nuoro
G061,OME,Brescia
G062,OMEGNA,Verbano-Cusio-Ossola
G063,OMIGNANO,Salerno
G064,ONANI',Nuoro
G065,ONANO,Viterbo
G066,ONCINO,Cuneo
G068,ONETA,Bergamo
G070,ONIFAI,Nuoro
G071,ONIFERI,Nuoro
G074,ONO SAN PIETRO,Brescia
G075,ONORE,Bergamo
G076,ONZO,Savona
G078,OPERA,Milano
G079,OPI,L'Aquila
G080,OPPEANO,Verona
G081,OPPIDO LUCANO,Potenza
G082,OPPIDO MAMERTINA,Reggio di Calabria
G083,ORA/AUER,Bolzano
G084,ORANI,Nuoro
G086,ORATINO,Campobasso
G087,ORBASSANO,Torino
G088,ORBETELLO,Grosseto
G090,ORCIANO PISANO,Pisa
D522,ORCO FEGLINO,Savona
M266,ORDONA,Foggia
G093,ORERO,Genova
G095,ORGIANO,Vicenza
G097,ORGOSOLO,Nuoro
G098,ORIA,Brindisi
G102,ORICOLA,L'Aquila
G103,ORIGGIO,Varese
G105,ORINO,Varese
G108,ORIO AL SERIO,Bergamo
G109,ORIO CANAVESE,Torino
G107,ORIO LITTA,Lodi
G110,ORIOLO,Cosenza
G111,ORIOLO ROMANO,Viterbo
G113,ORISTANO,Oristano
G114,ORMEA,Cuneo
G115,ORMELLE,Treviso
G116,ORNAGO,Monza e della Brianza
G117,ORNAVASSO,Verbano-Cusio-Ossola
G118,ORNICA,Bergamo
G119,OROSEI,Nuoro
G120,OROTELLI,Nuoro
G121,ORRIA,Salerno
G122,ORROLI,Sud Sardegna
G123,ORSAGO,Treviso
G124,ORSARA BORMIDA,Alessandria
G125,ORSARA DI PUGLIA,Foggia
G126,ORSENIGO,Como
G128,ORSOGNA,Chieti
G129,ORSOMARSO,Cosenza
G130,ORTA DI ATELLA,Caserta
G131,ORTA NOVA,Foggia
G134,ORTA SAN GIULIO,Novara
G133,ORTACESUS,Sud Sardegna
G135,ORTE,Viterbo
G136,ORTELLE,Lecce
G137,ORTEZZANO,Fermo
G139,ORTIGNANO RAGGIOLO,Arezzo
G140,ORTISEI/ST. ULRICH,Bolzano
G141,ORTONA,Chieti
G142,ORTONA DEI MARSI,L'Aquila
G144,ORTOVERO,Savona
G145,ORTUCCHIO,L'Aquila
G146,ORTUERI,Nuoro
G147,ORUNE,Nuoro
G148,ORVIETO,Terni
B595,ORVINIO,Rieti
G149,ORZINUOVI,Brescia
G150,ORZIVECCHI,Brescia
G151,OSASCO,Torino
G152,OSASIO,Torino
G153,OSCHIRI,Sassari
G154,OSIDDA,Nuoro
G155,OSIGLIA,Savona
G156,OSILO,Sassari
G157,OSIMO,Ancona
G158,OSINI,Nuoro
G159,OSIO SOPRA,Bergamo
G160,OSIO SOTTO,Bergamo
G161,OSNAGO,Lecco
G163,OSOPPO,Udine
G164,OSPEDALETTI,Imperia
G168,OSPEDALETTO,Trento
G165,OSPEDALETTO D'ALPINOLO,Avellino
G167,OSPEDALETTO EUGANEO,Padova
G166,OSPEDALETTO LODIGIANO,Lodi
G169,OSPITALE DI CADORE,Belluno
G170,OSPITALETTO,Brescia
G171,OSSAGO LODIGIANO,Lodi
G173,OSSANA,Trento
G178,OSSI,Sassari
G179,OSSIMO,Brescia
G181,OSSONA,Milano
G183,OSTANA,Cuneo
G184,OSTELLATO,Ferrara
G185,OSTIANO,Cremona
G186,OSTIGLIA,Mantova
F401,OSTRA,Ancona
F581,OSTRA VETERE,Ancona
G187,OSTUNI,Brindisi
G188,OTRANTO,Lecce
G189,OTRICOLI,Terni
G191,OTTANA,Nuoro
G192,OTTATI,Salerno
G190,OTTAVIANO,Napoli
G193,OTTIGLIO,Alessandria
G194,OTTOBIANO,Pavia
G195,OTTONE,Piacenza
G196,OULX,Torino
G197,OVADA,Alessandria
G198,OVARO,Udine
G199,OVIGLIO,Alessandria
G200,OVINDOLI,L'Aquila
G201,OVODDA,Nuoro
G012,OYACE,Aosta
G202,OZEGNA,Torino
G203,OZIERI,Sassari
G205,OZZANO DELL'EMILIA,Bologna
G204,OZZANO MONFERRATO,Alessandria
G206,OZZERO,Milano
G207,PABILLONIS,Sud Sardegna
G209,PACE DEL MELA,Messina
G208,PACECO,Trapani
G210,PACENTRO,L'Aquila
G211,PACHINO,Siracusa
G212,PACIANO,Perugia
G213,PADENGHE SUL GARDA,Brescia
G215,PADERNA,Alessandria
G218,PADERNO D'ADDA,Lecco
G220,PADERNO DUGNANO,Milano
G217,PADERNO FRANCIACORTA,Brescia
G222,PADERNO PONCHIELLI,Cremona
G224,PADOVA,Padova
G225,PADRIA,Sassari
M301,PADRU,Sassari
G226,PADULA,Salerno
G227,PADULI,Benevento
G228,PAESANA,Cuneo
G229,PAESE,Treviso
G230,PAGANI,Salerno
G232,PAGANICO SABINO,Rieti
G233,PAGAZZANO,Bergamo
G234,PAGLIARA,Messina
G237,PAGLIETA,Chieti
G238,PAGNACCO,Udine
G240,PAGNO,Cuneo
G241,PAGNONA,Lecco
G242,PAGO DEL VALLO DI LAURO,Avellino
G243,PAGO VEIANO,Benevento
G247,PAISCO LOVENO,Brescia
G248,PAITONE,Brescia
G249,PALADINA,Bergamo
G250,PALAGANO,Modena
G251,PALAGIANELLO,Taranto
G252,PALAGIANO,Taranto
G253,PALAGONIA,Catania
G254,PALAIA,Pisa
G255,PALANZANO,Parma
G257,PALATA,Campobasso
G258,PALAU,Sassari
G259,PALAZZAGO,Bergamo
G263,PALAZZO ADRIANO,Palermo
G262,PALAZZO CANAVESE,Torino
G260,PALAZZO PIGNANO,Cremona
G261,PALAZZO SAN GERVASIO,Potenza
G267,PALAZZOLO ACREIDE,Siracusa
G268,PALAZZOLO DELLO STELLA,Udine
G264,PALAZZOLO SULL'OGLIO,Brescia
G266,PALAZZOLO VERCELLESE,Vercelli
G270,PALAZZUOLO SUL SENIO,Firenze
G271,PALENA,Chieti
G272,PALERMITI,Catanzaro
G273,PALERMO,Palermo
G274,PALESTRINA,Roma
G275,PALESTRO,Pavia
G276,PALIANO,Frosinone
G277,PALIZZI,Reggio di Calabria
G278,PALLAGORIO,Crotone
G280,PALLANZENO,Verbano-Cusio-Ossola
G281,PALLARE,Savona
G283,PALMA CAMPANIA,Napoli
G282,PALMA DI MONTECHIARO,Agrigento
G284,PALMANOVA,Udine
G285,PALMARIGGI,Lecce
G286,PALMAS ARBOREA,Oristano
G288,PALMI,Reggio di Calabria
G289,PALMIANO,Ascoli Piceno
G290,PALMOLI,Chieti
G291,PALO DEL COLLE,Bari
G293,PALOMBARA SABINA,Roma
G294,PALOMBARO,Chieti
G292,PALOMONTE,Salerno
G295,PALOSCO,Bergamo
G297,PALU',Verona
G296,PALU' DEL FERSINA,Trento
G298,PALUDI,Cosenza
G300,PALUZZA,Udine
G302,PAMPARATO,Cuneo
G303,PANCALIERI,Torino
G304,PANCARANA,Pavia
G305,PANCHIA',Trento
G306,PANDINO,Cremona
G307,PANETTIERI,Cosenza
G308,PANICALE,Perugia
G311,PANNARANO,Benevento
G312,PANNI,Foggia
G315,PANTELLERIA,Trapani
G316,PANTIGLIATE,Milano
G317,PAOLA,Cosenza
G318,PAOLISI,Benevento
G320,PAPASIDERO,Cosenza
G323,PAPOZZE,Rovigo
G324,PARABIAGO,Milano
G325,PARABITA,Lecce
G327,PARATICO,Brescia
G328,PARCINES/PARTSCHINS,Bolzano
G330,PARELLA,Torino
G331,PARENTI,Cosenza
G333,PARETE,Caserta
G334,PARETO,Alessandria
G335,PARGHELIA,Vibo Valentia
G336,PARLASCO,Lecco
G337,PARMA,Parma
G338,PARODI LIGURE,Alessandria
G339,PAROLDO,Cuneo
G340,PAROLISE,Avellino
G342,PARONA,Pavia
G344,PARRANO,Terni
G346,PARRE,Bergamo
G347,PARTANNA,Trapani
G348,PARTINICO,Palermo
G349,PARUZZARO,Novara
G350,PARZANICA,Bergamo
G352,PASIAN DI PRATO,Udine
G353,PASIANO DI PORDENONE,Pordenone
G354,PASPARDO,Brescia
G358,PASSERANO MARMORITO,Asti
G359,PASSIGNANO SUL TRASIMENO,Perugia
G361,PASSIRANO,Brescia
G362,PASTENA,Frosinone
G364,PASTORANO,Caserta
G365,PASTRENGO,Verona
G367,PASTURANA,Alessandria
G368,PASTURO,Lecco
M269,PATERNO,Potenza
G372,PATERNO CALABRO,Cosenza
G371,PATERNO',Catania
G370,PATERNOPOLI,Avellino
G374,PATRICA,Frosinone
G376,PATTADA,Sassari
G377,PATTI,Messina
G378,PATU',Lecce
G379,PAU,Oristano
G381,PAULARO,Udine
G382,PAULI ARBAREI,Sud Sardegna
G384,PAULILATINO,Oristano
G385,PAULLO,Milano
G386,PAUPISI,Benevento
G387,PAVAROLO,Torino
G388,PAVIA,Pavia
G389,PAVIA DI UDINE,Udine
G392,PAVONE CANAVESE,Torino
G391,PAVONE DEL MELLA,Brescia
G393,PAVULLO NEL FRIGNANO,Modena
G394,PAZZANO,Reggio di Calabria
G395,PECCIOLI,Pisa
G397,PECETTO DI VALENZA,Alessandria
G398,PECETTO TORINESE,Torino
G402,PEDARA,Catania
G403,PEDASO,Fermo
G404,PEDAVENA,Belluno
G406,PEDEMONTE,Vicenza
G408,PEDEROBBA,Treviso
G410,PEDESINA,Sondrio
G411,PEDIVIGLIANO,Cosenza
G412,PEDRENGO,Bergamo
G415,PEGLIO,Como
G416,PEGLIO,Pesaro e Urbino
G417,PEGOGNAGA,Mantova
G418,PEIA,Bergamo
G419,PEIO,Trento
G420,PELAGO,Firenze
G421,PELLA,Novara
G424,PELLEGRINO PARMENSE,Parma
G426,PELLEZZANO,Salerno
G428,PELLIZZANO,Trento
G429,PELUGO,Trento
G430,PENANGO,Asti
G432,PENNA IN TEVERINA,Terni
G436,PENNA SAN GIOVANNI,Macerata
G437,PENNA SANT'ANDREA,Teramo
G433,PENNABILLI,Rimini
G434,PENNADOMO,Chieti
G435,PENNAPIEDIMONTE,Chieti
G438,PENNE,Pescara
G439,PENTONE,Catanzaro
G441,PERANO,Chieti
G442,PERAROLO DI CADORE,Belluno
G443,PERCA/PERCHA,Bolzano
G444,PERCILE,Roma
G445,PERDASDEFOGU,Nuoro
G446,PERDAXIUS,Sud Sardegna
G447,PERDIFUMO,Salerno
G449,PERETO,L'Aquila
G450,PERFUGAS,Sassari
G452,PERGINE VALSUGANA,Trento
G453,PERGOLA,Pesaro e Urbino
G454,PERINALDO,Imperia
G455,PERITO,Salerno
G456,PERLEDO,Lecco
G457,PERLETTO,Cuneo
G458,PERLO,Cuneo
G459,PERLOZ,Aosta
G461,PERNUMIA,Padova
C013,PERO,Milano
G463,PEROSA ARGENTINA,Torino
G462,PEROSA CANAVESE,Torino
G465,PERRERO,Torino
G469,PERSICO DOSIMO,Cremona
G471,PERTENGO,Vercelli
G474,PERTICA ALTA,Brescia
G475,PERTICA BASSA,Brescia
G476,PERTOSA,Salerno
G477,PERTUSIO,Torino
G478,PERUGIA,Perugia
G479,PESARO,Pesaro e Urbino
G480,PESCAGLIA,Lucca
G481,PESCANTINA,Verona
G482,PESCARA,Pescara
G483,PESCAROLO ED UNITI,Cremona
G484,PESCASSEROLI,L'Aquila
G485,PESCATE,Lecco
G486,PESCHE,Isernia
G487,PESCHICI,Foggia
G488,PESCHIERA BORROMEO,Milano
G489,PESCHIERA DEL GARDA,Verona
G491,PESCIA,Pistoia
G492,PESCINA,L'Aquila
G494,PESCO SANNITA,Benevento
G493,PESCOCOSTANZO,L'Aquila
G495,PESCOLANCIANO,Isernia
G496,PESCOPAGANO,Potenza
G497,PESCOPENNATARO,Isernia
G498,PESCOROCCHIANO,Rieti
G499,PESCOSANSONESCO,Pescara
G500,PESCOSOLIDO,Frosinone
G502,PESSANO CON BORNAGO,Milano
G504,PESSINA CREMONESE,Cremona
G505,PESSINETTO,Torino
G506,PETACCIATO,Campobasso
G508,PETILIA POLICASTRO,Crotone
G509,PETINA,Salerno
G510,PETRALIA SOPRANA,Palermo
G511,PETRALIA SOTTANA,Palermo
G513,PETRELLA SALTO,Rieti
G512,PETRELLA TIFERNINA,Campobasso
G514,PETRIANO,Pesaro e Urbino
G515,PETRIOLO,Macerata
G516,PETRITOLI,Fermo
G517,PETRIZZI,Catanzaro
G518,PETRONA',Catanzaro
M281,PETROSINO,Trapani
G519,PETRURO IRPINO,Avellino
G520,PETTENASCO,Novara
G521,PETTINENGO,Biella
G522,PETTINEO,Messina
G523,PETTORANELLO DEL MOLISE,Isernia
G524,PETTORANO SUL GIZIO,L'Aquila
G525,PETTORAZZA GRIMANI,Rovigo
G526,PEVERAGNO,Cuneo
G528,PEZZANA,Vercelli
G529,PEZZAZE,Brescia
G532,PEZZOLO VALLE UZZONE,Cuneo
G535,PIACENZA,Piacenza
G534,PIACENZA D'ADIGE,Padova
M418,PIADENA DRIZZONA,Cremona
G538,PIAGGINE,Salerno
G546,PIAN CAMUNO,Brescia
G542,PIANA CRIXIA,Savona
G543,PIANA DEGLI ALBANESI,Palermo
G541,PIANA DI MONTE VERNA,Caserta
G547,PIANCASTAGNAIO,Siena
G549,PIANCOGNO,Brescia
G551,PIANDIMELETO,Pesaro e Urbino
G553,PIANE CRATI,Cosenza
G555,PIANELLA,Pescara
G556,PIANELLO DEL LARIO,Como
G557,PIANELLO VAL TIDONE,Piacenza
G558,PIANENGO,Cremona
G559,PIANEZZA,Torino
G560,PIANEZZE,Vicenza
G561,PIANFEI,Cuneo
G564,PIANICO,Bergamo
G565,PIANIGA,Venezia
G568,PIANO DI SORRENTO,Napoli
D546,PIANOPOLI,Catanzaro
G570,PIANORO,Bologna
G571,PIANSANO,Viterbo
G572,PIANTEDO,Sondrio
G574,PIARIO,Bergamo
G575,PIASCO,Cuneo
G576,PIATEDA,Sondrio
G577,PIATTO,Biella
G582,PIAZZA AL SERCHIO,Lucca
G580,PIAZZA ARMERINA,Enna
G579,PIAZZA BREMBANA,Bergamo
G583,PIAZZATORRE,Bergamo
G587,PIAZZOLA SUL BRENTA,Padova
G588,PIAZZOLO,Bergamo
G589,PICCIANO,Pescara
G590,PICERNO,Potenza
G591,PICINISCO,Frosinone
G592,PICO,Frosinone
G593,PIEA,Asti
G594,PIEDICAVALLO,Biella
G597,PIEDIMONTE ETNEO,Catania
G596,PIEDIMONTE MATESE,Caserta
G598,PIEDIMONTE SAN GERMANO,Frosinone
G600,PIEDIMULERA,Verbano-Cusio-Ossola
G601,PIEGARO,Perugia
G602,PIENZA,Siena
G603,PIERANICA,Cremona
G612,PIETRA DE' GIORGI,Pavia
G605,PIETRA LIGURE,Savona
G619,PIETRA MARAZZI,Alessandria
G606,PIETRABBONDANTE,Isernia
G607,PIETRABRUNA,Imperia
G608,PIETRACAMELA,Teramo
G609,PIETRACATELLA,Campobasso
G610,PIETRACUPA,Campobasso
G611,PIETRADEFUSI,Avellino
G613,PIETRAFERRAZZANA,Chieti
G615,PIETRAFITTA,Cosenza
G616,PIETRAGALLA,Potenza
G618,PIETRALUNGA,Perugia
G620,PIETRAMELARA,Caserta
G604,PIETRAMONTECORVINO,Foggia
G621,PIETRANICO,Pescara
G622,PIETRAPAOLA,Cosenza
G623,PIETRAPERTOSA,Potenza
G624,PIETRAPERZIA,Enna
G625,PIETRAPORZIO,Cuneo
G626,PIETRAROJA,Benevento
G627,PIETRARUBBIA,Pesaro e Urbino
G628,PIETRASANTA,Lucca
G629,PIETRASTORNINA,Avellino
G630,PIETRAVAIRANO,Caserta
G631,PIETRELCINA,Benevento
G636,PIEVE A NIEVOLE,Pistoia
G635,PIEVE ALBIGNOLA,Pavia
G647,PIEVE D'OLMI,Cremona
G639,PIEVE DEL CAIRO,Pavia
M422,PIEVE DEL GRAPPA,Treviso
M365,PIEVE DI BONO-PREZZO,Trento
G642,PIEVE DI CADORE,Belluno
G643,PIEVE DI CENTO,Bologna
G645,PIEVE DI SOLIGO,Treviso
G632,PIEVE DI TECO,Imperia
G634,PIEVE EMANUELE,Milano
G096,PIEVE FISSIRAGA,Lodi
G648,PIEVE FOSCIANA,Lucca
G646,PIEVE LIGURE,Genova
G650,PIEVE PORTO MORONE,Pavia
G651,PIEVE SAN GIACOMO,Cremona
G653,PIEVE SANTO STEFANO,Arezzo
G656,PIEVE TESINO,Trento
G657,PIEVE TORINA,Macerata
G658,PIEVE VERGONTE,Verbano-Cusio-Ossola
G649,PIEVEPELAGO,Modena
G659,PIGLIO,Frosinone
G660,PIGNA,Imperia
G662,PIGNATARO INTERAMNA,Frosinone
G661,PIGNATARO MAGGIORE,Caserta
G663,PIGNOLA,Potenza
G664,PIGNONE,La Spezia
G665,PIGRA,Como
G666,PILA,Vercelli
G669,PIMENTEL,Sud Sardegna
G670,PIMONTE,Napoli
G671,PINAROLO PO,Pavia
G672,PINASCA,Torino
G673,PINCARA,Rovigo
G674,PINEROLO,Torino
F831,PINETO,Teramo
G676,PINO D'ASTI,Asti
G678,PINO TORINESE,Torino
G680,PINZANO AL TAGLIAMENTO,Pordenone
G681,PINZOLO,Trento
G682,PIOBBICO,Pesaro e Urbino
G683,PIOBESI D'ALBA,Cuneo
G684,PIOBESI TORINESE,Torino
G685,PIODE,Vercelli
G686,PIOLTELLO,Milano
G687,PIOMBINO,Livorno
G688,PIOMBINO DESE,Padova
G690,PIORACO,Macerata
G691,PIOSSASCO,Torino
G692,PIOVA' MASSAIA,Asti
G693,PIOVE DI SACCO,Padova
G694,PIOVENE ROCCHETTE,Vicenza
G696,PIOZZANO,Piacenza
G697,PIOZZO,Cuneo
G699,PIRAINO,Messina
G702,PISA,Pisa
G703,PISANO,Novara
G705,PISCINA,Torino
M291,PISCINAS,Sud Sardegna
G707,PISCIOTTA,Salerno
G710,PISOGNE,Brescia
G704,PISONIANO,Roma
G712,PISTICCI,Matera
G713,PISTOIA,Pistoia
G716,PITIGLIANO,Grosseto
G717,PIUBEGA,Mantova
G718,PIURO,Sondrio
G719,PIVERONE,Torino
G720,PIZZALE,Pavia
G721,PIZZIGHETTONE,Cremona
G722,PIZZO,Vibo Valentia
G724,PIZZOFERRATO,Chieti
G726,PIZZOLI,L'Aquila
G727,PIZZONE,Isernia
G728,PIZZONI,Vibo Valentia
G729,PLACANICA,Reggio di Calabria
G733,PLATACI,Cosenza
G734,PLATANIA,Catanzaro
G735,PLATI',Reggio di Calabria
G299,PLAUS/PLAUS,Bolzano
G737,PLESIO,Como
G740,PLOAGHE,Sassari
G741,PLODIO,Savona
G742,POCAPAGLIA,Cuneo
G743,POCENIA,Udine
G746,PODENZANA,Massa Carrara
G747,PODENZANO,Piacenza
G749,POFI,Frosinone
G751,POGGIARDO,Lecce
G752,POGGIBONSI,Siena
G754,POGGIO A CAIANO,Prato
G756,POGGIO BUSTONE,Rieti
G757,POGGIO CATINO,Rieti
G761,POGGIO IMPERIALE,Foggia
G763,POGGIO MIRTETO,Rieti
G764,POGGIO MOIANO,Rieti
G765,POGGIO NATIVO,Rieti
G766,POGGIO PICENZE,L'Aquila
G768,POGGIO RENATICO,Ferrara
G753,POGGIO RUSCO,Mantova
G770,POGGIO SAN LORENZO,Rieti
G771,POGGIO SAN MARCELLO,Ancona
D566,POGGIO SAN VICINO,Macerata
B317,POGGIO SANNITA,Isernia
M324,POGGIO TORRIANA,Rimini
G758,POGGIODOMO,Perugia
G760,POGGIOFIORITO,Chieti
G762,POGGIOMARINO,Napoli
G767,POGGIOREALE,Trapani
G769,POGGIORSINI,Bari
G431,POGGIRIDENTI,Sondrio
G772,POGLIANO MILANESE,Milano
G773,POGNANA LARIO,Como
G774,POGNANO,Bergamo
G775,POGNO,Novara
G777,POIRINO,Torino
G776,POJANA MAGGIORE,Vicenza
G779,POLAVENO,Brescia
G780,POLCENIGO,Pordenone
G782,POLESELLA,Rovigo
M367,POLESINE ZIBELLO,Parma
G784,POLI,Roma
G785,POLIA,Vibo Valentia
G786,POLICORO,Matera
G787,POLIGNANO A MARE,Bari
G789,POLINAGO,Modena
G790,POLINO,Terni
G791,POLISTENA,Reggio di Calabria
G792,POLIZZI GENEROSA,Palermo
G793,POLLA,Salerno
G794,POLLEIN,Aosta
G795,POLLENA TROCCHIA,Napoli
F567,POLLENZA,Macerata
G796,POLLICA,Salerno
G797,POLLINA,Palermo
G798,POLLONE,Biella
G799,POLLUTRI,Chieti
G800,POLONGHERA,Cuneo
G801,POLPENAZZE DEL GARDA,Brescia
G802,POLVERARA,Padova
G803,POLVERIGI,Ancona
G804,POMARANCE,Pisa
G805,POMARETTO,Torino
G806,POMARICO,Matera
G807,POMARO MONFERRATO,Alessandria
G808,POMAROLO,Trento
G809,POMBIA,Novara
G811,POMEZIA,Roma
G812,POMIGLIANO D'ARCO,Napoli
G813,POMPEI,Napoli
G814,POMPEIANA,Imperia
G815,POMPIANO,Brescia
G816,POMPONESCO,Mantova
G817,POMPU,Oristano
G818,PONCARALE,Brescia
G820,PONDERANO,Biella
G821,PONNA,Como
G822,PONSACCO,Pisa
G823,PONSO,Padova
G826,PONT CANAVESE,Torino
G854,PONT-SAINT-MARTIN,Aosta
G825,PONTASSIEVE,Firenze
G545,PONTBOSET,Aosta
G827,PONTE,Benevento
G833,PONTE BUGGIANESE,Pistoia
G842,PONTE DELL'OLIO,Piacenza
G844,PONTE DI LEGNO,Brescia
G846,PONTE DI PIAVE,Treviso
G830,PONTE GARDENA/WAIDBRUCK,Bolzano
G829,PONTE IN VALTELLINA,Sondrio
G847,PONTE LAMBRO,Como
B662,PONTE NELLE ALPI,Belluno
G851,PONTE NIZZA,Pavia
F941,PONTE NOSSA,Bergamo
G855,PONTE SAN NICOLO',Padova
G856,PONTE SAN PIETRO,Bergamo
G831,PONTEBBA,Udine
G834,PONTECAGNANO FAIANO,Salerno
G836,PONTECCHIO POLESINE,Rovigo
G837,PONTECHIANALE,Cuneo
G838,PONTECORVO,Frosinone
G839,PONTECURONE,Alessandria
G840,PONTEDASSIO,Imperia
G843,PONTEDERA,Pisa
G848,PONTELANDOLFO,Benevento
G849,PONTELATONE,Caserta
G850,PONTELONGO,Padova
G852,PONTENURE,Piacenza
G853,PONTERANICA,Bergamo
G858,PONTESTURA,Alessandria
G859,PONTEVICO,Brescia
G860,PONTEY,Aosta
G861,PONTI,Alessandria
G862,PONTI SUL MINCIO,Mantova
G864,PONTIDA,Bergamo
G865,PONTINIA,Latina
G866,PONTINVREA,Savona
G867,PONTIROLO NUOVO,Bergamo
G869,PONTOGLIO,Brescia
G870,PONTREMOLI,Massa Carrara
G871,PONZA,Latina
G873,PONZANO DI FERMO,Fermo
G872,PONZANO MONFERRATO,Alessandria
G874,PONZANO ROMANO,Roma
G875,PONZANO VENETO,Treviso
G877,PONZONE,Alessandria
G878,POPOLI TERME,Pescara
G879,POPPI,Arezzo
G881,PORANO,Terni
G882,PORCARI,Lucca
G886,PORCIA,Pordenone
G888,PORDENONE,Pordenone
G889,PORLEZZA,Como
G890,PORNASSIO,Imperia
G891,PORPETTO,Udine
G894,PORTACOMARO,Asti
G895,PORTALBERA,Pavia
G900,PORTE,Torino
M358,PORTE DI RENDENA,Trento
G902,PORTICI,Napoli
G903,PORTICO DI CASERTA,Caserta
G904,PORTICO E SAN BENEDETTO,Forli'-Cesena
G905,PORTIGLIOLA,Reggio di Calabria
E680,PORTO AZZURRO,Livorno
G906,PORTO CERESIO,Varese
M263,PORTO CESAREO,Lecce
F299,PORTO EMPEDOCLE,Agrigento
G917,PORTO MANTOVANO,Mantova
G919,PORTO RECANATI,Macerata
G920,PORTO SAN GIORGIO,Fermo
G921,PORTO SANT'ELPIDIO,Fermo
G923,PORTO TOLLE,Rovigo
G924,PORTO TORRES,Sassari
G907,PORTO VALTRAVAGLIA,Varese
G926,PORTO VIRO,Rovigo
G909,PORTOBUFFOLE',Treviso
G910,PORTOCANNONE,Campobasso
G912,PORTOFERRAIO,Livorno
G913,PORTOFINO,Genova
G914,PORTOGRUARO,Venezia
G916,PORTOMAGGIORE,Ferrara
M257,PORTOPALO DI CAPO PASSERO,Siracusa
G922,PORTOSCUSO,Sud Sardegna
G925,PORTOVENERE,La Spezia
G927,PORTULA,Biella
G929,POSADA,Nuoro
G931,POSINA,Vicenza
G932,POSITANO,Salerno
G933,POSSAGNO,Treviso
G934,POSTA,Rieti
G935,POSTA FIBRENO,Frosinone
G936,POSTAL/BURGSTALL,Bolzano
G937,POSTALESIO,Sondrio
G939,POSTIGLIONE,Salerno
G940,POSTUA,Vercelli
G942,POTENZA,Potenza
F632,POTENZA PICENA,Macerata
G943,POVE DEL GRAPPA,Vicenza
G944,POVEGLIANO,Treviso
G945,POVEGLIANO VERONESE,Verona
G947,POVIGLIO,Reggio nell'Emilia
G949,POVOLETTO,Udine
G951,POZZAGLIA SABINA,Rieti
B914,POZZAGLIO ED UNITI,Cremona
G953,POZZALLO,Ragusa
G954,POZZILLI,Isernia
G955,POZZO D'ADDA,Milano
G960,POZZOL GROPPO,Alessandria
G959,POZZOLENGO,Brescia
G957,POZZOLEONE,Vicenza
G961,POZZOLO FORMIGARO,Alessandria
G962,POZZOMAGGIORE,Sassari
G963,POZZONOVO,Padova
G964,POZZUOLI,Napoli
G966,POZZUOLO DEL FRIULI,Udine
G965,POZZUOLO MARTESANA,Milano
G968,PRADALUNGA,Bergamo
G969,PRADAMANO,Udine
G970,PRADLEVES,Cuneo
G973,PRAGELATO,Torino
G975,PRAIA A MARE,Cosenza
G976,PRAIANO,Salerno
G977,PRALBOINO,Brescia
G978,PRALI,Torino
G979,PRALORMO,Torino
G980,PRALUNGO,Biella
G981,PRAMAGGIORE,Venezia
G982,PRAMOLLO,Torino
G985,PRAROLO,Vercelli
G986,PRAROSTINO,Torino
G987,PRASCO,Alessandria
G988,PRASCORSANO,Torino
G993,PRATA CAMPORTACCIO,Sondrio
G992,PRATA D'ANSIDONIA,L'Aquila
G994,PRATA DI PORDENONE,Pordenone
G990,PRATA DI PRINCIPATO ULTRA,Avellino
G991,PRATA SANNITA,Caserta
G995,PRATELLA,Caserta
G997,PRATIGLIONE,Torino
G999,PRATO,Prato
H004,PRATO ALLO STELVIO/PRAD AM STILFSER JOCH,Bolzano
H002,PRATO CARNICO,Udine
H001,PRATO SESIA,Novara
H007,PRATOLA PELIGNA,L'Aquila
H006,PRATOLA SERRA,Avellino
M329,PRATOVECCHIO STIA,Arezzo
H010,PRAVISDOMINI,Pordenone
G974,PRAY,Biella
H011,PRAZZO,Cuneo
H042,PRE'-SAINT-DIDIER,Aosta
H014,PRECENICCO,Udine
H015,PRECI,Perugia
M344,PREDAIA,Trento
H017,PREDAPPIO,Forli'-Cesena
H018,PREDAZZO,Trento
H019,PREDOI/PRETTAU,Bolzano
H020,PREDORE,Bergamo
H021,PREDOSA,Alessandria
H022,PREGANZIOL,Treviso
H026,PREGNANA MILANESE,Milano
H027,PRELA',Imperia
H028,PREMANA,Lecco
H029,PREMARIACCO,Udine
H030,PREMENO,Verbano-Cusio-Ossola
H033,PREMIA,Verbano-Cusio-Ossola
H034,PREMILCUORE,Forli'-Cesena
H036,PREMOLO,Bergamo
H037,PREMOSELLO-CHIOVENDA,Verbano-Cusio-Ossola
H038,PREONE,Udine
H040,PREPOTTO,Udine
H043,PRESEGLIE,Brescia
H045,PRESENZANO,Caserta
H046,PRESEZZO,Bergamo
M428,PRESICCE-ACQUARICA,Lecce
H048,PRESSANA,Verona
H052,PRETORO,Chieti
H055,PREVALLE,Brescia
H056,PREZZA,L'Aquila
H059,PRIERO,Cuneo
H062,PRIGNANO CILENTO,Salerno
H061,PRIGNANO SULLA SECCHIA,Modena
H063,PRIMALUNA,Lecco
M359,PRIMIERO SAN MARTINO DI CASTROZZA,Trento
H068,PRIOCCA,Cuneo
H069,PRIOLA,Cuneo
M279,PRIOLO GARGALLO,Siracusa
G698,PRIVERNO,Latina
H070,PRIZZI,Palermo
H071,PROCENO,Viterbo
H072,PROCIDA,Napoli
H073,PROPATA,Genova
H074,PROSERPIO,Como
H076,PROSSEDI,Latina
H078,PROVAGLIO D'ISEO,Brescia
H077,PROVAGLIO VAL SABBIA,Brescia
H081,PROVES/PROVEIS,Bolzano
H083,PROVVIDENTI,Campobasso
H085,PRUNETTO,Cuneo
H086,PUEGNAGO DEL GARDA,Brescia
H087,PUGLIANELLO,Benevento
H088,PULA,Cagliari
H089,PULFERO,Udine
H090,PULSANO,Taranto
H091,PUMENENGO,Bergamo
H094,PUSIANO,Como
H095,PUTIFIGARI,Sassari
H096,PUTIGNANO,Bari
H097,QUADRELLE,Avellino
H098,QUADRI,Chieti
H100,QUAGLIUZZO,Torino
H101,QUALIANO,Napoli
H102,QUARANTI,Asti
M414,QUAREGNA CERRETO,Biella
H104,QUARGNENTO,Alessandria
H106,QUARNA SOPRA,Verbano-Cusio-Ossola
H107,QUARNA SOTTO,Verbano-Cusio-Ossola
H108,QUARONA,Vercelli
H109,QUARRATA,Pistoia
H110,QUART,Aosta
H114,QUARTO,Napoli
H117,QUARTO D'ALTINO,Venezia
H118,QUARTU SANT'ELENA,Cagliari
H119,QUARTUCCIU,Cagliari
H120,QUASSOLO,Torino
H121,QUATTORDIO,Alessandria
H122,QUATTRO CASTELLA,Reggio nell'Emilia
H126,QUILIANO,Savona
H127,QUINCINETTO,Torino
H128,QUINDICI,Avellino
H129,QUINGENTOLE,Mantova
H130,QUINTANO,Cremona
H131,QUINTO DI TREVISO,Treviso
H132,QUINTO VERCELLESE,Vercelli
H134,QUINTO VICENTINO,Vicenza
H140,QUINZANO D'OGLIO,Brescia
H143,QUISTELLO,Mantova
H146,RABBI,Trento
H147,RACALE,Lecce
H148,RACALMUTO,Agrigento
H150,RACCONIGI,Cuneo
H151,RACCUJA,Messina
H152,RACINES/RATSCHINGS,Bolzano
H153,RADDA IN CHIANTI,Siena
H154,RADDUSA,Catania
H156,RADICOFANI,Siena
H157,RADICONDOLI,Siena
H159,RAFFADALI,Agrigento
M287,RAGALNA,Catania
H161,RAGOGNA,Udine
H163,RAGUSA,Ragusa
H166,RAIANO,L'Aquila
H168,RAMACCA,Catania
H173,RANCIO VALCUVIA,Varese
H174,RANCO,Varese
H175,RANDAZZO,Catania
H176,RANICA,Bergamo
H177,RANZANICO,Bergamo
H180,RANZO,Imperia
H182,RAPAGNANO,Fermo
H183,RAPALLO,Genova
H184,RAPINO,Chieti
H185,RAPOLANO TERME,Siena
H186,RAPOLLA,Potenza
H187,RAPONE,Potenza
H188,RASSA,Vercelli
H189,RASUN ANTERSELVA/RASEN-ANTHOLZ,Bolzano
H192,RASURA,Sondrio
H194,RAVANUSA,Agrigento
H195,RAVARINO,Modena
H196,RAVASCLETTO,Udine
H198,RAVELLO,Salerno
H199,RAVENNA,Ravenna
H200,RAVEO,Udine
H202,RAVISCANINA,Caserta
H203,RE,Verbano-Cusio-Ossola
H204,REA,Pavia
H205,REALMONTE,Agrigento
H206,REANA DEL ROJALE,Udine
H207,REANO,Torino
H210,RECALE,Caserta
H211,RECANATI,Macerata
H212,RECCO,Genova
H213,RECETTO,Novara
H214,RECOARO TERME,Vicenza
H216,REDAVALLE,Pavia
H218,REDONDESCO,Mantova
H219,REFRANCORE,Asti
H220,REFRONTOLO,Treviso
H221,REGALBUTO,Enna
H222,REGGELLO,Firenze
H224,REGGIO DI CALABRIA,Reggio di Calabria
H223,REGGIO NELL'EMILIA,Reggio nell'Emilia
H225,REGGIOLO,Reggio nell'Emilia
H227,REINO,Benevento
H228,REITANO,Messina
H229,REMANZACCO,Udine
H230,REMEDELLO,Brescia
H233,RENATE,Monza e della Brianza
H235,RENDE,Cosenza
H236,RENON/RITTEN,Bolzano
H238,RESANA,Treviso
H240,RESCALDINA,Milano
H242,RESIA,Udine
H244,RESIUTTA,Udine
H245,RESUTTANO,Caltanissetta
H246,RETORBIDO,Pavia
H247,REVELLO,Cuneo
H250,REVIGLIASCO D'ASTI,Asti
H253,REVINE LAGO,Treviso
H255,REZZAGO,Como
H256,REZZATO,Brescia
H257,REZZO,Imperia
H258,REZZOAGLIO,Genova
H262,RHEMES-NOTRE-DAME,Aosta
H263,RHEMES-SAINT-GEORGES,Aosta
H264,RHO,Milano
H265,RIACE,Reggio di Calabria
H266,RIALTO,Savona
H267,RIANO,Roma
H268,RIARDO,Caserta
H269,RIBERA,Agrigento
H270,RIBORDONE,Torino
H271,RICADI,Vibo Valentia
H272,RICALDONE,Alessandria
H273,RICCIA,Campobasso
H274,RICCIONE,Rimini
H275,RICCO' DEL GOLFO DI SPEZIA,La Spezia
H276,RICENGO,Cremona
H277,RICIGLIANO,Salerno
H280,RIESE PIO X,Treviso
H281,RIESI,Caltanissetta
H282,RIETI,Rieti
H284,RIFIANO/RIFFIAN,Bolzano
H285,RIFREDDO,Cuneo
H288,RIGNANO FLAMINIO,Roma
H287,RIGNANO GARGANICO,Foggia
H286,RIGNANO SULL'ARNO,Firenze
H289,RIGOLATO,Udine
H293,RIMELLA,Vercelli
H294,RIMINI,Rimini
M391,RIO,Livorno
H299,RIO DI PUSTERIA/M├£HLBACH,Bolzano
H298,RIO SALICETO,Reggio nell'Emilia
H300,RIOFREDDO,Roma
H301,RIOLA SARDO,Oristano
H302,RIOLO TERME,Ravenna
H303,RIOLUNATO,Modena
H304,RIOMAGGIORE,La Spezia
H307,RIONERO IN VULTURE,Potenza
H308,RIONERO SANNITICO,Isernia
H320,RIPA TEATINA,Chieti
H311,RIPABOTTONI,Campobasso
H312,RIPACANDIDA,Potenza
H313,RIPALIMOSANI,Campobasso
H314,RIPALTA ARPINA,Cremona
H315,RIPALTA CREMASCA,Cremona
H316,RIPALTA GUERINA,Cremona
H319,RIPARBELLA,Pisa
H321,RIPATRANSONE,Ascoli Piceno
H323,RIPE SAN GINESIO,Macerata
H324,RIPI,Frosinone
H325,RIPOSTO,Catania
H326,RITTANA,Cuneo
H330,RIVA DEL GARDA,Trento
M410,RIVA DEL PO,Ferrara
H331,RIVA DI SOLTO,Bergamo
H328,RIVA LIGURE,Imperia
H337,RIVA PRESSO CHIERI,Torino
H333,RIVALBA,Torino
H334,RIVALTA BORMIDA,Alessandria
H335,RIVALTA DI TORINO,Torino
H327,RIVAMONTE AGORDINO,Belluno
H336,RIVANAZZANO TERME,Pavia
H338,RIVARA,Torino
H340,RIVAROLO CANAVESE,Torino
H341,RIVAROLO DEL RE ED UNITI,Cremona
H342,RIVAROLO MANTOVANO,Mantova
H343,RIVARONE,Alessandria
H344,RIVAROSSA,Torino
H346,RIVE,Vercelli
H347,RIVE D'ARCANO,Udine
H348,RIVELLO,Potenza
H350,RIVERGARO,Piacenza
M317,RIVIGNANO TEOR,Udine
H353,RIVISONDOLI,L'Aquila
H354,RIVODUTRI,Rieti
H355,RIVOLI,Torino
H356,RIVOLI VERONESE,Verona
H357,RIVOLTA D'ADDA,Cremona
H359,RIZZICONI,Reggio di Calabria
H361,ROANA,Vicenza
H362,ROASCHIA,Cuneo
H363,ROASCIO,Cuneo
H365,ROASIO,Vercelli
H366,ROATTO,Asti
H367,ROBASSOMERO,Torino
G223,ROBBIATE,Lecco
H369,ROBBIO,Pavia
H371,ROBECCHETTO CON INDUNO,Milano
H372,ROBECCO D'OGLIO,Cremona
H375,ROBECCO PAVESE,Pavia
H373,ROBECCO SUL NAVIGLIO,Milano
H376,ROBELLA,Asti
H377,ROBILANTE,Cuneo
H378,ROBURENT,Cuneo
H386,ROCCA CANAVESE,Torino
H387,ROCCA CANTERANO,Roma
H391,ROCCA CIGLIE',Cuneo
H392,ROCCA D'ARAZZO,Asti
H393,ROCCA D'ARCE,Frosinone
H398,ROCCA D'EVANDRO,Caserta
H395,ROCCA DE' BALDI,Cuneo
H396,ROCCA DE' GIORGI,Pavia
H399,ROCCA DI BOTTE,L'Aquila
H400,ROCCA DI CAMBIO,L'Aquila
H401,ROCCA DI CAVE,Roma
H402,ROCCA DI MEZZO,L'Aquila
H403,ROCCA DI NETO,Crotone
H404,ROCCA DI PAPA,Roma
H414,ROCCA GRIMALDA,Alessandria
H416,ROCCA IMPERIALE,Cosenza
H421,ROCCA MASSIMA,Latina
H429,ROCCA PIA,L'Aquila
H379,ROCCA PIETORE,Belluno
H432,ROCCA PRIORA,Roma
H437,ROCCA SAN CASCIANO,Forli'-Cesena
H438,ROCCA SAN FELICE,Avellino
H439,ROCCA SAN GIOVANNI,Chieti
H440,ROCCA SANTA MARIA,Teramo
H441,ROCCA SANTO STEFANO,Roma
H446,ROCCA SINIBALDA,Rieti
H450,ROCCA SUSELLA,Pavia
H382,ROCCABASCERANA,Avellino
H383,ROCCABERNARDA,Crotone
H384,ROCCABIANCA,Parma
H385,ROCCABRUNA,Cuneo
H389,ROCCACASALE,L'Aquila
H394,ROCCADASPIDE,Salerno
H405,ROCCAFIORITA,Messina
H390,ROCCAFLUVIONE,Ascoli Piceno
H408,ROCCAFORTE DEL GRECO,Reggio di Calabria
H406,ROCCAFORTE LIGURE,Alessandria
H407,ROCCAFORTE MONDOVI',Cuneo
H409,ROCCAFORZATA,Taranto
H410,ROCCAFRANCA,Brescia
H411,ROCCAGIOVINE,Roma
H412,ROCCAGLORIOSA,Salerno
H413,ROCCAGORGA,Latina
H417,ROCCALBEGNA,Grosseto
H418,ROCCALUMERA,Messina
H420,ROCCAMANDOLFI,Isernia
H422,ROCCAMENA,Palermo
H423,ROCCAMONFINA,Caserta
H424,ROCCAMONTEPIANO,Chieti
H425,ROCCAMORICE,Pescara
H426,ROCCANOVA,Potenza
H427,ROCCANTICA,Rieti
H428,ROCCAPALUMBA,Palermo
H431,ROCCAPIEMONTE,Salerno
H433,ROCCARAINOLA,Napoli
H434,ROCCARASO,L'Aquila
H436,ROCCAROMANA,Caserta
H442,ROCCASCALEGNA,Chieti
H443,ROCCASECCA,Frosinone
H444,ROCCASECCA DEI VOLSCI,Latina
H445,ROCCASICURA,Isernia
H447,ROCCASPARVERA,Cuneo
H448,ROCCASPINALVETI,Chieti
H449,ROCCASTRADA,Grosseto
H380,ROCCAVALDINA,Messina
H451,ROCCAVERANO,Asti
H452,ROCCAVIGNALE,Savona
H453,ROCCAVIONE,Cuneo
H454,ROCCAVIVARA,Campobasso
H456,ROCCELLA IONICA,Reggio di Calabria
H455,ROCCELLA VALDEMONE,Messina
H458,ROCCHETTA A VOLTURNO,Isernia
H462,ROCCHETTA BELBO,Cuneo
H461,ROCCHETTA DI VARA,La Spezia
H459,ROCCHETTA E CROCE,Caserta
H465,ROCCHETTA LIGURE,Alessandria
H460,ROCCHETTA NERVINA,Imperia
H466,ROCCHETTA PALAFEA,Asti
H467,ROCCHETTA SANT'ANTONIO,Foggia
H468,ROCCHETTA TANARO,Asti
H470,RODANO,Milano
H472,RODDI,Cuneo
H473,RODDINO,Cuneo
H474,RODELLO,Cuneo
H477,RODENGO SAIANO,Brescia
H475,RODENGO/RODENECK,Bolzano
H478,RODERO,Como
H480,RODI GARGANICO,Foggia
H479,RODI' MILICI,Messina
H481,RODIGO,Mantova
H484,ROE' VOLCIANO,Brescia
H485,ROFRANO,Salerno
H486,ROGENO,Lecco
H488,ROGGIANO GRAVINA,Cosenza
H489,ROGHUDI,Reggio di Calabria
H490,ROGLIANO,Cosenza
H491,ROGNANO,Pavia
H492,ROGNO,Bergamo
H493,ROGOLO,Sondrio
H494,ROIATE,Roma
H495,ROIO DEL SANGRO,Chieti
H497,ROISAN,Aosta
H498,ROLETTO,Torino
H500,ROLO,Reggio nell'Emilia
H501,ROMA,Roma
H503,ROMAGNANO AL MONTE,Salerno
H502,ROMAGNANO SESIA,Novara
H505,ROMAGNESE,Pavia
H507,ROMANA,Sassari
H508,ROMANENGO,Cremona
H511,ROMANO CANAVESE,Torino
H512,ROMANO D'EZZELINO,Vicenza
H509,ROMANO DI LOMBARDIA,Bergamo
H514,ROMANS D'ISONZO,Gorizia
H516,ROMBIOLO,Vibo Valentia
H517,ROMENO,Trento
H518,ROMENTINO,Novara
H519,ROMETTA,Messina
H522,RONCA',Verona
H523,RONCADE,Treviso
H525,RONCADELLE,Brescia
H527,RONCARO,Pavia
H528,RONCEGNO TERME,Trento
H529,RONCELLO,Monza e della Brianza
H531,RONCHI DEI LEGIONARI,Gorizia
H532,RONCHI VALSUGANA,Trento
H533,RONCHIS,Udine
H534,RONCIGLIONE,Viterbo
H540,RONCO ALL'ADIGE,Verona
H538,RONCO BIELLESE,Biella
H537,RONCO BRIANTINO,Monza e della Brianza
H539,RONCO CANAVESE,Torino
H536,RONCO SCRIVIA,Genova
H535,RONCOBELLO,Bergamo
H541,RONCOFERRARO,Mantova
H542,RONCOFREDDO,Forli'-Cesena
H544,RONCOLA,Bergamo
H546,RONDANINA,Genova
H547,RONDISSONE,Torino
H549,RONSECCO,Vercelli
M303,RONZO-CHIENIS,Trento
H552,RONZONE,Trento
H553,ROPPOLO,Biella
H554,RORA',Torino
H556,ROSA',Vicenza
H558,ROSARNO,Reggio di Calabria
H559,ROSASCO,Pavia
H560,ROSATE,Milano
H561,ROSAZZA,Biella
H562,ROSCIANO,Pescara
H564,ROSCIGNO,Salerno
H565,ROSE,Cosenza
H566,ROSELLO,Chieti
H572,ROSETO CAPO SPULICO,Cosenza
F585,ROSETO DEGLI ABRUZZI,Teramo
H568,ROSETO VALFORTORE,Foggia
H570,ROSIGNANO MARITTIMO,Livorno
H569,ROSIGNANO MONFERRATO,Alessandria
H573,ROSOLINA,Rovigo
H574,ROSOLINI,Siracusa
H575,ROSORA,Ancona
H577,ROSSA,Vercelli
H578,ROSSANA,Cuneo
H580,ROSSANO VENETO,Vicenza
H581,ROSSIGLIONE,Genova
H583,ROSTA,Torino
H584,ROTA D'IMAGNA,Bergamo
H585,ROTA GRECA,Cosenza
H588,ROTELLA,Ascoli Piceno
H589,ROTELLO,Campobasso
H590,ROTONDA,Potenza
H591,ROTONDELLA,Matera
H592,ROTONDI,Avellino
H593,ROTTOFRENO,Piacenza
H594,ROTZO,Vicenza
H555,ROURE,Torino
H364,ROVASENDA,Vercelli
H598,ROVATO,Brescia
H599,ROVEGNO,Genova
H601,ROVELLASCA,Como
H602,ROVELLO PORRO,Como
H604,ROVERBELLA,Mantova
H606,ROVERCHIARA,Verona
H607,ROVERE' DELLA LUNA,Trento
H608,ROVERE' VERONESE,Verona
H610,ROVEREDO DI GUA',Verona
H609,ROVEREDO IN PIANO,Pordenone
H612,ROVERETO,Trento
H614,ROVESCALA,Pavia
H615,ROVETTA,Bergamo
H618,ROVIANO,Roma
H620,ROVIGO,Rovigo
H621,ROVITO,Cosenza
H622,ROVOLON,Padova
H623,ROZZANO,Milano
H625,RUBANO,Padova
H627,RUBIANA,Torino
H628,RUBIERA,Reggio nell'Emilia
H629,RUDA,Udine
H630,RUDIANO,Brescia
H631,RUEGLIO,Torino
H632,RUFFANO,Lecce
H633,RUFFIA,Cuneo
H634,RUFFRE'-MENDOLA,Trento
H635,RUFINA,Firenze
F271,RUINAS,Oristano
H639,RUMO,Trento
H641,RUOTI,Potenza
H642,RUSSI,Ravenna
H643,RUTIGLIANO,Bari
H644,RUTINO,Salerno
H165,RUVIANO,Caserta
H646,RUVO DEL MONTE,Potenza
H645,RUVO DI PUGLIA,Bari
H647,SABAUDIA,Latina
H650,SABBIO CHIESE,Brescia
H652,SABBIONETA,Mantova
H654,SACCO,Salerno
H655,SACCOLONGO,Padova
H657,SACILE,Pordenone
H658,SACROFANO,Roma
H659,SADALI,Sud Sardegna
H661,SAGAMA,Oristano
H662,SAGLIANO MICCA,Biella
H665,SAGRADO,Gorizia
H666,SAGRON MIS,Trento
H669,SAINT-CHRISTOPHE,Aosta
H670,SAINT-DENIS,Aosta
H671,SAINT-MARCEL,Aosta
H672,SAINT-NICOLAS,Aosta
H673,SAINT-OYEN,Aosta
H674,SAINT-PIERRE,Aosta
H675,SAINT-RHEMY-EN-BOSSES,Aosta
H676,SAINT-VINCENT,Aosta
H682,SALA BAGANZA,Parma
H681,SALA BIELLESE,Biella
H678,SALA BOLOGNESE,Bologna
H679,SALA COMACINA,Como
H683,SALA CONSILINA,Salerno
H677,SALA MONFERRATO,Alessandria
H687,SALANDRA,Matera
H688,SALAPARUTA,Trapani
H689,SALARA,Rovigo
H690,SALASCO,Vercelli
H691,SALASSA,Torino
H684,SALBERTRAND,Torino
F810,SALCEDO,Vicenza
H693,SALCITO,Campobasso
H694,SALE,Alessandria
H695,SALE DELLE LANGHE,Cuneo
H699,SALE MARASINO,Brescia
H704,SALE SAN GIOVANNI,Cuneo
H700,SALEMI,Trapani
H686,SALENTO,Salerno
H702,SALERANO CANAVESE,Torino
H701,SALERANO SUL LAMBRO,Lodi
H703,SALERNO,Salerno
H706,SALGAREDA,Treviso
H707,SALI VERCELLESE,Vercelli
H708,SALICE SALENTINO,Lecce
H710,SALICETO,Cuneo
H713,SALISANO,Rieti
H714,SALIZZOLE,Verona
H715,SALLE,Pescara
H716,SALMOUR,Cuneo
H717,SALO',Brescia
H719,SALORNO SULLA STRADA DEL VINO/SALURN AN DER WEINSTRASSE,Bolzano
H720,SALSOMAGGIORE TERME,Parma
H723,SALTRIO,Varese
H724,SALUDECIO,Rimini
H725,SALUGGIA,Vercelli
H726,SALUSSOLA,Biella
H727,SALUZZO,Cuneo
H729,SALVE,Lecce
H731,SALVIROLA,Cremona
H732,SALVITELLE,Salerno
H734,SALZA DI PINEROLO,Torino
H733,SALZA IRPINA,Avellino
H735,SALZANO,Venezia
H736,SAMARATE,Varese
H738,SAMASSI,Sud Sardegna
H739,SAMATZAI,Sud Sardegna
H743,SAMBUCA DI SICILIA,Agrigento
H744,SAMBUCA PISTOIESE,Pistoia
H745,SAMBUCI,Roma
H746,SAMBUCO,Cuneo
H749,SAMMICHELE DI BARI,Bari
H013,SAMO,Reggio di Calabria
H752,SAMOLACO,Sondrio
H754,SAMONE,Trento
H753,SAMONE,Torino
H755,SAMPEYRE,Cuneo
H756,SAMUGHEO,Oristano
H763,SAN BARTOLOMEO AL MARE,Imperia
H764,SAN BARTOLOMEO IN GALDO,Benevento
H760,SAN BARTOLOMEO VAL CAVARGNA,Como
H765,SAN BASILE,Cosenza
H766,SAN BASILIO,Sud Sardegna
H767,SAN BASSANO,Cremona
H768,SAN BELLINO,Rovigo
H770,SAN BENEDETTO BELBO,Cuneo
H772,SAN BENEDETTO DEI MARSI,L'Aquila
H769,SAN BENEDETTO DEL TRONTO,Ascoli Piceno
H773,SAN BENEDETTO IN PERILLIS,L'Aquila
H771,SAN BENEDETTO PO,Mantova
H774,SAN BENEDETTO ULLANO,Cosenza
G566,SAN BENEDETTO VAL DI SAMBRO,Bologna
H775,SAN BENIGNO CANAVESE,Torino
H777,SAN BERNARDINO VERBANO,Verbano-Cusio-Ossola
H780,SAN BIAGIO DELLA CIMA,Imperia
H781,SAN BIAGIO DI CALLALTA,Treviso
H778,SAN BIAGIO PLATANI,Agrigento
H779,SAN BIAGIO SARACINISCO,Frosinone
H782,SAN BIASE,Campobasso
H783,SAN BONIFACIO,Verona
H784,SAN BUONO,Chieti
H785,SAN CALOGERO,Vibo Valentia
H786,SAN CANDIDO/INNICHEN,Bolzano
H787,SAN CANZIAN D'ISONZO,Gorizia
H789,SAN CARLO CANAVESE,Torino
H790,SAN CASCIANO DEI BAGNI,Siena
H791,SAN CASCIANO IN VAL DI PESA,Firenze
M264,SAN CASSIANO,Lecce
H792,SAN CATALDO,Caltanissetta
M295,SAN CESAREO,Roma
H793,SAN CESARIO DI LECCE,Lecce
H794,SAN CESARIO SUL PANARO,Modena
H795,SAN CHIRICO NUOVO,Potenza
H796,SAN CHIRICO RAPARO,Potenza
H797,SAN CIPIRELLO,Palermo
H798,SAN CIPRIANO D'AVERSA,Caserta
H800,SAN CIPRIANO PICENTINO,Salerno
H799,SAN CIPRIANO PO,Pavia
H801,SAN CLEMENTE,Rimini
H803,SAN COLOMBANO AL LAMBRO,Milano
H804,SAN COLOMBANO BELMONTE,Torino
H802,SAN COLOMBANO CERTENOLI,Genova
H805,SAN CONO,Catania
H806,SAN COSMO ALBANESE,Cosenza
H808,SAN COSTANTINO ALBANESE,Potenza
H807,SAN COSTANTINO CALABRO,Vibo Valentia
H809,SAN COSTANZO,Pesaro e Urbino
H810,SAN CRISTOFORO,Alessandria
H814,SAN DAMIANO AL COLLE,Pavia
H811,SAN DAMIANO D'ASTI,Asti
H812,SAN DAMIANO MACRA,Cuneo
H816,SAN DANIELE DEL FRIULI,Udine
H815,SAN DANIELE PO,Cremona
H818,SAN DEMETRIO CORONE,Cosenza
H819,SAN DEMETRIO NE' VESTINI,L'Aquila
H820,SAN DIDERO,Torino
H823,SAN DONA' DI PIAVE,Venezia
H822,SAN DONACI,Brindisi
H826,SAN DONATO DI LECCE,Lecce
H825,SAN DONATO DI NINEA,Cosenza
H827,SAN DONATO MILANESE,Milano
H824,SAN DONATO VAL DI COMINO,Frosinone
D324,SAN DORLIGO DELLA VALLE-DOLINA,Trieste
H831,SAN FELE,Potenza
H834,SAN FELICE A CANCELLO,Caserta
H836,SAN FELICE CIRCEO,Latina
H838,SAN FELICE DEL BENACO,Brescia
H833,SAN FELICE DEL MOLISE,Campobasso
H835,SAN FELICE SUL PANARO,Modena
M277,SAN FERDINANDO,Reggio di Calabria
H839,SAN FERDINANDO DI PUGLIA,Barletta-Andria-Trani
H840,SAN FERMO DELLA BATTAGLIA,Como
H841,SAN FILI,Cosenza
H842,SAN FILIPPO DEL MELA,Messina
H843,SAN FIOR,Treviso
H844,SAN FIORANO,Lodi
H845,SAN FLORIANO DEL COLLIO,Gorizia
H846,SAN FLORO,Catanzaro
H847,SAN FRANCESCO AL CAMPO,Torino
H850,SAN FRATELLO,Messina
H856,SAN GAVINO MONREALE,Sud Sardegna
H857,SAN GEMINI,Terni
H858,SAN GENESIO ATESINO/JENESIEN,Bolzano
H859,SAN GENESIO ED UNITI,Pavia
H860,SAN GENNARO VESUVIANO,Napoli
H862,SAN GERMANO CHISONE,Torino
H861,SAN GERMANO VERCELLESE,Vercelli
H865,SAN GERVASIO BRESCIANO,Brescia
H867,SAN GIACOMO DEGLI SCHIAVONI,Campobasso
H870,SAN GIACOMO DELLE SEGNATE,Mantova
H868,SAN GIACOMO FILIPPO,Sondrio
B952,SAN GIACOMO VERCELLESE,Vercelli
H873,SAN GILLIO,Torino
H875,SAN GIMIGNANO,Siena
H876,SAN GINESIO,Macerata
H892,SAN GIORGIO A CREMANO,Napoli
H880,SAN GIORGIO A LIRI,Frosinone
H881,SAN GIORGIO ALBANESE,Cosenza
H883,SAN GIORGIO BIGARELLO,Mantova
H890,SAN GIORGIO CANAVESE,Torino
H894,SAN GIORGIO DEL SANNIO,Benevento
H891,SAN GIORGIO DELLA RICHINVELDA,Pordenone
H893,SAN GIORGIO DELLE PERTICHE,Padova
H885,SAN GIORGIO DI LOMELLINA,Pavia
H895,SAN GIORGIO DI NOGARO,Udine
H896,SAN GIORGIO DI PIANO,Bologna
H897,SAN GIORGIO IN BOSCO,Padova
H882,SAN GIORGIO IONICO,Taranto
H898,SAN GIORGIO LA MOLARA,Benevento
H888,SAN GIORGIO LUCANO,Matera
H878,SAN GIORGIO MONFERRATO,Alessandria
H889,SAN GIORGIO MORGETO,Reggio di Calabria
H887,SAN GIORGIO PIACENTINO,Piacenza
H899,SAN GIORGIO SCARAMPI,Asti
H884,SAN GIORGIO SU LEGNANO,Milano
H900,SAN GIORIO DI SUSA,Torino
H907,SAN GIOVANNI A PIRO,Salerno
H906,SAN GIOVANNI AL NATISONE,Udine
H910,SAN GIOVANNI BIANCO,Bergamo
H912,SAN GIOVANNI DEL DOSSO,Mantova
M390,SAN GIOVANNI DI FASSA,Trento
H903,SAN GIOVANNI DI GERACE,Reggio di Calabria
H914,SAN GIOVANNI GEMINI,Agrigento
H916,SAN GIOVANNI ILARIONE,Verona
H918,SAN GIOVANNI IN CROCE,Cremona
H919,SAN GIOVANNI IN FIORE,Cosenza
H920,SAN GIOVANNI IN GALDO,Campobasso
H921,SAN GIOVANNI IN MARIGNANO,Rimini
G467,SAN GIOVANNI IN PERSICETO,Bologna
H917,SAN GIOVANNI INCARICO,Frosinone
H922,SAN GIOVANNI LA PUNTA,Catania
H923,SAN GIOVANNI LIPIONI,Chieti
H924,SAN GIOVANNI LUPATOTO,Verona
H926,SAN GIOVANNI ROTONDO,Foggia
G287,SAN GIOVANNI SUERGIU,Sud Sardegna
D690,SAN GIOVANNI TEATINO,Chieti
H901,SAN GIOVANNI VALDARNO,Arezzo
H928,SAN GIULIANO DEL SANNIO,Campobasso
H929,SAN GIULIANO DI PUGLIA,Campobasso
H930,SAN GIULIANO MILANESE,Milano
A562,SAN GIULIANO TERME,Pisa
H933,SAN GIUSEPPE JATO,Palermo
H931,SAN GIUSEPPE VESUVIANO,Napoli
H935,SAN GIUSTINO,Perugia
H936,SAN GIUSTO CANAVESE,Torino
H937,SAN GODENZO,Firenze
H941,SAN GREGORIO D'IPPONA,Vibo Valentia
H942,SAN GREGORIO DA SASSOLA,Roma
H940,SAN GREGORIO DI CATANIA,Catania
H943,SAN GREGORIO MAGNO,Salerno
H939,SAN GREGORIO MATESE,Caserta
H938,SAN GREGORIO NELLE ALPI,Belluno
H945,SAN LAZZARO DI SAVENA,Bologna
H949,SAN LEO,Rimini
H951,SAN LEONARDO,Udine
H952,SAN LEONARDO IN PASSIRIA/ST. LEONHARD IN PASSEIER,Bolzano
H953,SAN LEUCIO DEL SANNIO,Benevento
H955,SAN LORENZELLO,Benevento
H959,SAN LORENZO,Reggio di Calabria
H957,SAN LORENZO AL MARE,Imperia
H961,SAN LORENZO BELLIZZI,Cosenza
H962,SAN LORENZO DEL VALLO,Cosenza
H956,SAN LORENZO DI SEBATO/ST. LORENZEN,Bolzano
M345,SAN LORENZO DORSINO,Trento
H958,SAN LORENZO IN CAMPO,Pesaro e Urbino
H964,SAN LORENZO ISONTINO,Gorizia
H967,SAN LORENZO MAGGIORE,Benevento
H969,SAN LORENZO NUOVO,Viterbo
H970,SAN LUCA,Reggio di Calabria
H971,SAN LUCIDO,Cosenza
H973,SAN LUPO,Benevento
H976,SAN MANGO D'AQUINO,Catanzaro
H977,SAN MANGO PIEMONTE,Salerno
H975,SAN MANGO SUL CALORE,Avellino
H978,SAN MARCELLINO,Caserta
H979,SAN MARCELLO,Ancona
M377,SAN MARCELLO PITEGLIO,Pistoia
H981,SAN MARCO ARGENTANO,Cosenza
H982,SAN MARCO D'ALUNZIO,Messina
H984,SAN MARCO DEI CAVOTI,Benevento
F043,SAN MARCO EVANGELISTA,Caserta
H985,SAN MARCO IN LAMIS,Foggia
H986,SAN MARCO LA CATOLA,Foggia
H999,SAN MARTINO AL TAGLIAMENTO,Pordenone
H987,SAN MARTINO ALFIERI,Asti
I003,SAN MARTINO BUON ALBERGO,Verona
H997,SAN MARTINO CANAVESE,Torino
H994,SAN MARTINO D'AGRI,Potenza
I005,SAN MARTINO DALL'ARGINE,Mantova
I007,SAN MARTINO DEL LAGO,Cremona
H992,SAN MARTINO DI FINITA,Cosenza
I008,SAN MARTINO DI LUPARI,Padova
H996,SAN MARTINO DI VENEZZE,Rovigo
H988,SAN MARTINO IN BADIA/ST. MARTIN IN THURN,Bolzano
H989,SAN MARTINO IN PASSIRIA/ST. MARTIN IN PASSEIER,Bolzano
H990,SAN MARTINO IN PENSILIS,Campobasso
I011,SAN MARTINO IN RIO,Reggio nell'Emilia
I012,SAN MARTINO IN STRADA,Lodi
I002,SAN MARTINO SANNITA,Benevento
I014,SAN MARTINO SICCOMARIO,Pavia
H991,SAN MARTINO SULLA MARRUCINA,Chieti
I016,SAN MARTINO VALLE CAUDINA,Avellino
I018,SAN MARZANO DI SAN GIUSEPPE,Taranto
I017,SAN MARZANO OLIVETO,Asti
I019,SAN MARZANO SUL SARNO,Salerno
I023,SAN MASSIMO,Campobasso
I024,SAN MAURIZIO CANAVESE,Torino
I025,SAN MAURIZIO D'OPAGLIO,Novara
I028,SAN MAURO CASTELVERDE,Palermo
I031,SAN MAURO CILENTO,Salerno
H712,SAN MAURO DI SALINE,Verona
I029,SAN MAURO FORTE,Matera
I032,SAN MAURO LA BRUCA,Salerno
I026,SAN MAURO MARCHESATO,Crotone
I027,SAN MAURO PASCOLI,Forli'-Cesena
I030,SAN MAURO TORINESE,Torino
I040,SAN MICHELE AL TAGLIAMENTO,Venezia
I042,SAN MICHELE ALL'ADIGE,Trento
I035,SAN MICHELE DI GANZARIA,Catania
I034,SAN MICHELE DI SERINO,Avellino
I037,SAN MICHELE MONDOVI',Cuneo
I045,SAN MICHELE SALENTINO,Brindisi
I046,SAN MINIATO,Pisa
I049,SAN NAZZARO,Benevento
I052,SAN NAZZARO SESIA,Novara
I051,SAN NAZZARO VAL CAVARGNA,Como
I054,SAN NICANDRO GARGANICO,Foggia
I060,SAN NICOLA ARCELLA,Cosenza
I061,SAN NICOLA BARONIA,Avellino
I058,SAN NICOLA DA CRISSA,Vibo Valentia
I057,SAN NICOLA DELL'ALTO,Crotone
I056,SAN NICOLA LA STRADA,Caserta
I062,SAN NICOLA MANFREDI,Benevento
A368,SAN NICOLO' D'ARCIDANO,Oristano
I063,SAN NICOLO' DI COMELICO,Belluno
G383,SAN NICOLO' GERREI,Sud Sardegna
I066,SAN PANCRAZIO SALENTINO,Brindisi
I065,SAN PANCRAZIO/ST. PANKRAZ,Bolzano
G407,SAN PAOLO,Brescia
B906,SAN PAOLO ALBANESE,Potenza
I073,SAN PAOLO BEL SITO,Napoli
B310,SAN PAOLO D'ARGON,Bergamo
I072,SAN PAOLO DI CIVITATE,Foggia
I071,SAN PAOLO DI JESI,Ancona
I076,SAN PAOLO SOLBRITO,Asti
I079,SAN PELLEGRINO TERME,Bergamo
I082,SAN PIER D'ISONZO,Gorizia
I084,SAN PIER NICETO,Messina
I086,SAN PIERO PATTI,Messina
I093,SAN PIETRO A MAIDA,Catanzaro
I092,SAN PIETRO AL NATISONE,Udine
I089,SAN PIETRO AL TANAGRO,Salerno
I095,SAN PIETRO APOSTOLO,Catanzaro
I096,SAN PIETRO AVELLANA,Isernia
I098,SAN PIETRO CLARENZA,Catania
I088,SAN PIETRO DI CADORE,Belluno
I102,SAN PIETRO DI CARIDA',Reggio di Calabria
I103,SAN PIETRO DI FELETTO,Treviso
I105,SAN PIETRO DI MORUBIO,Verona
I108,SAN PIETRO IN AMANTEA,Cosenza
I109,SAN PIETRO IN CARIANO,Verona
I110,SAN PIETRO IN CASALE,Bologna
G788,SAN PIETRO IN CERRO,Piacenza
I107,SAN PIETRO IN GU,Padova
I114,SAN PIETRO IN GUARANO,Cosenza
I115,SAN PIETRO IN LAMA,Lecce
I113,SAN PIETRO INFINE,Caserta
I116,SAN PIETRO MOSEZZO,Novara
I117,SAN PIETRO MUSSOLINO,Vicenza
I090,SAN PIETRO VAL LEMINA,Torino
I119,SAN PIETRO VERNOTICO,Brindisi
I120,SAN PIETRO VIMINARIO,Padova
I121,SAN PIO DELLE CAMERE,L'Aquila
I123,SAN POLO D'ENZA,Reggio nell'Emilia
I125,SAN POLO DEI CAVALIERI,Roma
I124,SAN POLO DI PIAVE,Treviso
I122,SAN POLO MATESE,Campobasso
I126,SAN PONSO,Torino
I128,SAN POSSIDONIO,Modena
I130,SAN POTITO SANNITICO,Caserta
I129,SAN POTITO ULTRA,Avellino
I131,SAN PRISCO,Caserta
I132,SAN PROCOPIO,Reggio di Calabria
I133,SAN PROSPERO,Modena
I135,SAN QUIRICO D'ORCIA,Siena
I136,SAN QUIRINO,Pordenone
I137,SAN RAFFAELE CIMENA,Torino
I139,SAN ROBERTO,Reggio di Calabria
I140,SAN ROCCO AL PORTO,Lodi
I142,SAN ROMANO IN GARFAGNANA,Lucca
I143,SAN RUFO,Salerno
I147,SAN SALVATORE DI FITALIA,Messina
I144,SAN SALVATORE MONFERRATO,Alessandria
I145,SAN SALVATORE TELESINO,Benevento
I148,SAN SALVO,Chieti
I151,SAN SEBASTIANO AL VESUVIO,Napoli
I150,SAN SEBASTIANO CURONE,Alessandria
I152,SAN SEBASTIANO DA PO,Torino
I154,SAN SECONDO DI PINEROLO,Torino
I153,SAN SECONDO PARMENSE,Parma
I157,SAN SEVERINO LUCANO,Potenza
I156,SAN SEVERINO MARCHE,Macerata
I158,SAN SEVERO,Foggia
I162,SAN SIRO,Como
I163,SAN SOSSIO BARONIA,Avellino
I164,SAN SOSTENE,Catanzaro
I165,SAN SOSTI,Cosenza
I166,SAN SPERATE,Sud Sardegna
I373,SAN STINO DI LIVENZA,Venezia
I261,SAN TAMMARO,Caserta
I329,SAN TEODORO,Sassari
I328,SAN TEODORO,Messina
I347,SAN TOMASO AGORDINO,Belluno
I376,SAN VALENTINO IN ABRUZZO CITERIORE,Pescara
I377,SAN VALENTINO TORIO,Salerno
I381,SAN VENANZO,Terni
I382,SAN VENDEMIANO,Treviso
I384,SAN VERO MILIS,Oristano
I390,SAN VINCENZO,Livorno
I388,SAN VINCENZO LA COSTA,Cosenza
I389,SAN VINCENZO VALLE ROVETO,L'Aquila
I391,SAN VITALIANO,Napoli
I402,SAN VITO,Sud Sardegna
I403,SAN VITO AL TAGLIAMENTO,Pordenone
I404,SAN VITO AL TORRE,Udine
I394,SAN VITO CHIETINO,Chieti
I396,SAN VITO DEI NORMANNI,Brindisi
I392,SAN VITO DI CADORE,Belluno
I405,SAN VITO DI FAGAGNA,Udine
I401,SAN VITO DI LEGUZZANO,Vicenza
I407,SAN VITO LO CAPO,Trapani
I400,SAN VITO ROMANO,Roma
I393,SAN VITO SULLO IONIO,Catanzaro
I408,SAN VITTORE DEL LAZIO,Frosinone
I409,SAN VITTORE OLONA,Milano
I414,SAN ZENO DI MONTAGNA,Verona
I412,SAN ZENO NAVIGLIO,Brescia
I415,SAN ZENONE AL LAMBRO,Milano
I416,SAN ZENONE AL PO,Pavia
I417,SAN ZENONE DEGLI EZZELINI,Treviso
H757,SANARICA,Lecce
H821,SANDIGLIANO,Biella
H829,SANDRIGO,Vicenza
H851,SANFRE',Cuneo
H852,SANFRONT,Cuneo
H855,SANGANO,Torino
H872,SANGIANO,Varese
H877,SANGINETO,Cosenza
H944,SANGUINETTO,Verona
H974,SANLURI,Sud Sardegna
I048,SANNAZZARO DE' BURGONDI,Pavia
I053,SANNICANDRO DI BARI,Bari
I059,SANNICOLA,Lecce
I138,SANREMO,Imperia
I155,SANSEPOLCRO,Arezzo
I189,SANT'AGAPITO,Isernia
I191,SANT'AGATA BOLOGNESE,Bologna
I197,SANT'AGATA DE' GOTI,Benevento
I198,SANT'AGATA DEL BIANCO,Reggio di Calabria
I192,SANT'AGATA DI ESARO,Cosenza
I199,SANT'AGATA DI MILITELLO,Messina
I193,SANT'AGATA DI PUGLIA,Foggia
I201,SANT'AGATA FELTRIA,Rimini
I190,SANT'AGATA FOSSILI,Alessandria
I202,SANT'AGATA LI BATTIATI,Catania
I196,SANT'AGATA SUL SANTERNO,Ravenna
I208,SANT'AGNELLO,Napoli
I210,SANT'ALBANO STURA,Cuneo
I213,SANT'ALESSIO CON VIALONE,Pavia
I214,SANT'ALESSIO IN ASPROMONTE,Reggio di Calabria
I215,SANT'ALESSIO SICULO,Messina
I216,SANT'ALFIO,Catania
I258,SANT'AMBROGIO DI TORINO,Torino
I259,SANT'AMBROGIO DI VALPOLICELLA,Verona
I256,SANT'AMBROGIO SUL GARIGLIANO,Frosinone
I262,SANT'ANASTASIA,Napoli
I263,SANT'ANATOLIA DI NARCO,Perugia
I266,SANT'ANDREA APOSTOLO DELLO IONIO,Catanzaro
I265,SANT'ANDREA DEL GARIGLIANO,Frosinone
I264,SANT'ANDREA DI CONZA,Avellino
I271,SANT'ANDREA FRIUS,Sud Sardegna
I277,SANT'ANGELO A CUPOLO,Benevento
I278,SANT'ANGELO A FASANELLA,Salerno
I280,SANT'ANGELO A SCALA,Avellino
I279,SANT'ANGELO ALL'ESCA,Avellino
I273,SANT'ANGELO D'ALIFE,Caserta
I281,SANT'ANGELO DEI LOMBARDI,Avellino
I282,SANT'ANGELO DEL PESCO,Isernia
I283,SANT'ANGELO DI BROLO,Messina
I275,SANT'ANGELO DI PIOVE DI SACCO,Padova
I286,SANT'ANGELO IN PONTANO,Macerata
I287,SANT'ANGELO IN VADO,Pesaro e Urbino
I288,SANT'ANGELO LE FRATTE,Potenza
I289,SANT'ANGELO LIMOSANO,Campobasso
I274,SANT'ANGELO LODIGIANO,Lodi
I276,SANT'ANGELO LOMELLINA,Pavia
I290,SANT'ANGELO MUXARO,Agrigento
I284,SANT'ANGELO ROMANO,Roma
M209,SANT'ANNA ARRESI,Sud Sardegna
I292,SANT'ANNA D'ALFAEDO,Verona
I293,SANT'ANTIMO,Napoli
I294,SANT'ANTIOCO,Sud Sardegna
I296,SANT'ANTONINO DI SUSA,Torino
I300,SANT'ANTONIO ABATE,Napoli
M276,SANT'ANTONIO DI GALLURA,Sassari
I302,SANT'APOLLINARE,Frosinone
I305,SANT'ARCANGELO,Potenza
F557,SANT'ARCANGELO TRIMONTE,Benevento
I306,SANT'ARPINO,Caserta
I307,SANT'ARSENIO,Salerno
I318,SANT'EGIDIO ALLA VIBRATA,Teramo
I317,SANT'EGIDIO DEL MONTE ALBINO,Salerno
I319,SANT'ELENA,Padova
B466,SANT'ELENA SANNITA,Isernia
I320,SANT'ELIA A PIANISI,Campobasso
I321,SANT'ELIA FIUMERAPIDO,Frosinone
I324,SANT'ELPIDIO A MARE,Fermo
I332,SANT'EUFEMIA A MAIELLA,Pescara
I333,SANT'EUFEMIA D'ASPROMONTE,Reggio di Calabria
I335,SANT'EUSANIO DEL SANGRO,Chieti
I336,SANT'EUSANIO FORCONESE,L'Aquila
I342,SANT'ILARIO D'ENZA,Reggio nell'Emilia
I341,SANT'ILARIO DELLO IONIO,Reggio di Calabria
I344,SANT'IPPOLITO,Pesaro e Urbino
I346,SANT'OLCESE,Genova
I348,SANT'OMERO,Teramo
M333,SANT'OMOBONO TERME,Bergamo
I350,SANT'ONOFRIO,Vibo Valentia
I352,SANT'ORESTE,Roma
I354,SANT'ORSOLA TERME,Trento
I375,SANT'URBANO,Padova
I168,SANTA BRIGIDA,Bergamo
I171,SANTA CATERINA ALBANESE,Cosenza
M438,SANTA CATERINA D'ESTE,Padova
I170,SANTA CATERINA DELLO IONIO,Catanzaro
I169,SANTA CATERINA VILLARMOSA,Caltanissetta
I172,SANTA CESAREA TERME,Lecce
I176,SANTA CRISTINA D'ASPROMONTE,Reggio di Calabria
I175,SANTA CRISTINA E BISSONE,Pavia
I174,SANTA CRISTINA GELA,Palermo
I173,SANTA CRISTINA VALGARDENA/ST. CHRISTINA IN GR├ûDEN,Bolzano
I178,SANTA CROCE CAMERINA,Ragusa
I179,SANTA CROCE DEL SANNIO,Benevento
I181,SANTA CROCE DI MAGLIANO,Campobasso
I177,SANTA CROCE SULL'ARNO,Pisa
I183,SANTA DOMENICA TALAO,Cosenza
I184,SANTA DOMENICA VITTORIA,Messina
I185,SANTA ELISABETTA,Agrigento
I187,SANTA FIORA,Grosseto
I188,SANTA FLAVIA,Palermo
I203,SANTA GIULETTA,Pavia
I205,SANTA GIUSTA,Oristano
I206,SANTA GIUSTINA,Belluno
I207,SANTA GIUSTINA IN COLLE,Padova
I217,SANTA LUCE,Pisa
I220,SANTA LUCIA DEL MELA,Messina
I221,SANTA LUCIA DI PIAVE,Treviso
I219,SANTA LUCIA DI SERINO,Avellino
I224,SANTA MARGHERITA DI BELICE,Agrigento
I230,SANTA MARGHERITA DI STAFFORA,Pavia
I225,SANTA MARGHERITA LIGURE,Genova
I232,SANTA MARIA A MONTE,Pisa
I233,SANTA MARIA A VICO,Caserta
I234,SANTA MARIA CAPUA VETERE,Caserta
M284,SANTA MARIA COGHINAS,Sassari
C717,SANTA MARIA DEL CEDRO,Cosenza
I238,SANTA MARIA DEL MOLISE,Isernia
I237,SANTA MARIA DELLA VERSA,Pavia
I240,SANTA MARIA DI LICODIA,Catania
I242,SANTA MARIA DI SALA,Venezia
I243,SANTA MARIA HOE',Lecco
I244,SANTA MARIA IMBARO,Chieti
M273,SANTA MARIA LA CARITA',Napoli
I247,SANTA MARIA LA FOSSA,Caserta
I248,SANTA MARIA LA LONGA,Udine
I249,SANTA MARIA MAGGIORE,Verbano-Cusio-Ossola
I251,SANTA MARIA NUOVA,Ancona
I253,SANTA MARINA,Salerno
I254,SANTA MARINA SALINA,Messina
I255,SANTA MARINELLA,Roma
I291,SANTA NINFA,Trapani
I301,SANTA PAOLINA,Avellino
I308,SANTA SEVERINA,Crotone
I310,SANTA SOFIA,Forli'-Cesena
I309,SANTA SOFIA D'EPIRO,Cosenza
I311,SANTA TERESA DI RIVA,Messina
I312,SANTA TERESA GALLURA,Sassari
I314,SANTA VENERINA,Catania
I316,SANTA VITTORIA D'ALBA,Cuneo
I315,SANTA VITTORIA IN MATENANO,Fermo
I182,SANTADI,Sud Sardegna
I304,SANTARCANGELO DI ROMAGNA,Rimini
I326,SANTE MARIE,L'Aquila
I327,SANTENA,Torino
I330,SANTERAMO IN COLLE,Bari
I337,SANTHIA',Vercelli
I339,SANTI COSMA E DAMIANO,Latina
I365,SANTO STEFANO AL MARE,Imperia
I367,SANTO STEFANO BELBO,Cuneo
I368,SANTO STEFANO D'AVETO,Genova
I357,SANTO STEFANO DEL SOLE,Avellino
C919,SANTO STEFANO DI CADORE,Belluno
I370,SANTO STEFANO DI CAMASTRA,Messina
I363,SANTO STEFANO DI MAGRA,La Spezia
I359,SANTO STEFANO DI ROGLIANO,Cosenza
I360,SANTO STEFANO DI SESSANIO,L'Aquila
I371,SANTO STEFANO IN ASPROMONTE,Reggio di Calabria
I362,SANTO STEFANO LODIGIANO,Lodi
I356,SANTO STEFANO QUISQUINA,Agrigento
I372,SANTO STEFANO ROERO,Cuneo
I361,SANTO STEFANO TICINO,Milano
I260,SANTOMENNA,Salerno
I351,SANTOPADRE,Frosinone
I353,SANTORSO,Vicenza
I374,SANTU LUSSURGIU,Oristano
I410,SANZA,Salerno
I411,SANZENO,Trento
I418,SAONARA,Padova
I420,SAPONARA,Messina
I421,SAPPADA,Udine
I422,SAPRI,Salerno
I423,SARACENA,Cosenza
I424,SARACINESCO,Roma
I425,SARCEDO,Vicenza
I426,SARCONI,Potenza
I428,SARDARA,Sud Sardegna
I429,SARDIGLIANO,Alessandria
I430,SAREGO,Vicenza
I431,SARENTINO/SARNTAL,Bolzano
I432,SAREZZANO,Alessandria
I433,SAREZZO,Brescia
I434,SARMATO,Piacenza
I435,SARMEDE,Treviso
I436,SARNANO,Macerata
I437,SARNICO,Bergamo
I438,SARNO,Salerno
I439,SARNONICO,Trento
I441,SARONNO,Varese
I442,SARRE,Aosta
I443,SARROCH,Cagliari
I444,SARSINA,Forli'-Cesena
I445,SARTEANO,Siena
I447,SARTIRANA LOMELLINA,Pavia
I448,SARULE,Nuoro
I449,SARZANA,La Spezia
I451,SASSANO,Salerno
I452,SASSARI,Sassari
I453,SASSELLO,Savona
I454,SASSETTA,Livorno
I455,SASSINORO,Benevento
I457,SASSO DI CASTALDA,Potenza
G972,SASSO MARCONI,Bologna
M413,SASSOCORVARO AUDITORE,Pesaro e Urbino
I460,SASSOFELTRIO,Rimini
I461,SASSOFERRATO,Ancona
I462,SASSUOLO,Modena
I463,SATRIANO,Catanzaro
G614,SATRIANO DI LUCANIA,Potenza
I464,SAURIS,Udine
I466,SAUZE D'OULX,Torino
I465,SAUZE DI CESANA,Torino
I467,SAVA,Taranto
I468,SAVELLI,Crotone
I469,SAVIANO,Napoli
I470,SAVIGLIANO,Cuneo
I471,SAVIGNANO IRPINO,Avellino
I473,SAVIGNANO SUL PANARO,Modena
I472,SAVIGNANO SUL RUBICONE,Forli'-Cesena
I475,SAVIGNONE,Genova
I476,SAVIORE DELL'ADAMELLO,Brescia
I477,SAVOCA,Messina
I478,SAVOGNA,Udine
I479,SAVOGNA D'ISONZO,Gorizia
H730,SAVOIA DI LUCANIA,Potenza
I480,SAVONA,Savona
I482,SCAFA,Pescara
I483,SCAFATI,Salerno
I484,SCAGNELLO,Cuneo
I486,SCALA,Salerno
I485,SCALA COELI,Cosenza
I487,SCALDASOLE,Pavia
I489,SCALEA,Cosenza
I490,SCALENGHE,Torino
I492,SCALETTA ZANCLEA,Messina
I493,SCAMPITELLA,Avellino
I494,SCANDALE,Crotone
I496,SCANDIANO,Reggio nell'Emilia
B962,SCANDICCI,Firenze
I497,SCANDOLARA RAVARA,Cremona
I498,SCANDOLARA RIPA D'OGLIO,Cremona
I499,SCANDRIGLIA,Rieti
I501,SCANNO,L'Aquila
I503,SCANO DI MONTIFERRO,Oristano
I504,SCANSANO,Grosseto
M256,SCANZANO JONICO,Matera
I506,SCANZOROSCIATE,Bergamo
I507,SCAPOLI,Isernia
I510,SCARLINO,Grosseto
I511,SCARMAGNO,Torino
I512,SCARNAFIGI,Cuneo
M326,SCARPERIA E SAN PIERO,Firenze
I519,SCENA/SCHENNA,Bolzano
I520,SCERNI,Chieti
I522,SCHEGGIA E PASCELUPO,Perugia
I523,SCHEGGINO,Perugia
I526,SCHIAVI DI ABRUZZO,Chieti
I527,SCHIAVON,Vicenza
I529,SCHIGNANO,Como
I530,SCHILPARIO,Bergamo
I531,SCHIO,Vicenza
I532,SCHIVENOGLIA,Mantova
I533,SCIACCA,Agrigento
I534,SCIARA,Palermo
I535,SCICLI,Ragusa
I536,SCIDO,Reggio di Calabria
D290,SCIGLIANO,Cosenza
I537,SCILLA,Reggio di Calabria
I538,SCILLATO,Palermo
I539,SCIOLZE,Torino
I540,SCISCIANO,Napoli
I541,SCLAFANI BAGNI,Palermo
I543,SCONTRONE,L'Aquila
I544,SCOPA,Vercelli
I545,SCOPELLO,Vercelli
I546,SCOPPITO,L'Aquila
I548,SCORDIA,Catania
I549,SCORRANO,Lecce
I551,SCORZE',Venezia
I553,SCURCOLA MARSICANA,L'Aquila
I554,SCURELLE,Trento
I555,SCURZOLENGO,Asti
I556,SEBORGA,Imperia
I558,SECINARO,L'Aquila
I559,SECLI',Lecce
I561,SECUGNAGO,Lodi
I562,SEDEGLIANO,Udine
I563,SEDICO,Belluno
I564,SEDILO,Oristano
I565,SEDINI,Sassari
I566,SEDRIANO,Milano
I567,SEDRINA,Bergamo
I569,SEFRO,Macerata
I570,SEGARIU,Sud Sardegna
I571,SEGGIANO,Grosseto
I573,SEGNI,Roma
I576,SEGONZANO,Trento
I577,SEGRATE,Milano
I578,SEGUSINO,Treviso
I580,SELARGIUS,Cagliari
I581,SELCI,Rieti
I582,SELEGAS,Sud Sardegna
M360,SELLA GIUDICARIE,Trento
I585,SELLANO,Perugia
I588,SELLERO,Brescia
I589,SELLIA,Catanzaro
I590,SELLIA MARINA,Catanzaro
I593,SELVA DEI MOLINI/M├£HLWALD,Bolzano
I592,SELVA DI CADORE,Belluno
I594,SELVA DI PROGNO,Verona
I591,SELVA DI VAL GARDENA/WOLKENSTEIN IN GR├ûDEN,Bolzano
I595,SELVAZZANO DENTRO,Padova
I597,SELVINO,Bergamo
I598,SEMESTENE,Sassari
I599,SEMIANA,Pavia
I600,SEMINARA,Reggio di Calabria
I601,SEMPRONIANO,Grosseto
I602,SENAGO,Milano
I603,SENALE-SAN FELICE/UNSERE LIEBE FRAU IM WALDE-ST. FELIX,Bolzano
I604,SENALES/SCHNALS,Bolzano
I605,SENEGHE,Oristano
I606,SENERCHIA,Avellino
I607,SENIGA,Brescia
I608,SENIGALLIA,Ancona
I609,SENIS,Oristano
I610,SENISE,Potenza
I611,SENNA COMASCO,Como
I612,SENNA LODIGIANA,Lodi
I613,SENNARIOLO,Oristano
I614,SENNORI,Sassari
I615,SENORBI',Sud Sardegna
I618,SEPINO,Campobasso
I621,SEQUALS,Pordenone
I622,SERAVEZZA,Lucca
I624,SERDIANA,Sud Sardegna
I625,SEREGNO,Monza e della Brianza
I626,SEREN DEL GRAPPA,Belluno
I627,SERGNANO,Cremona
I628,SERIATE,Bergamo
I629,SERINA,Bergamo
I630,SERINO,Avellino
I631,SERLE,Brescia
I632,SERMIDE E FELONICA,Mantova
I634,SERMONETA,Latina
I635,SERNAGLIA DELLA BATTAGLIA,Treviso
I636,SERNIO,Sondrio
I637,SEROLE,Asti
I642,SERRA D'AIELLO,Cosenza
I643,SERRA DE' CONTI,Ancona
I640,SERRA RICCO',Genova
I639,SERRA SAN BRUNO,Vibo Valentia
I653,SERRA SAN QUIRICO,Ancona
I654,SERRA SANT'ABBONDIO,Pesaro e Urbino
I641,SERRACAPRIOLA,Foggia
I644,SERRADIFALCO,Caltanissetta
I646,SERRALUNGA D'ALBA,Cuneo
I645,SERRALUNGA DI CREA,Alessandria
I647,SERRAMANNA,Sud Sardegna
F357,SERRAMAZZONI,Modena
I648,SERRAMEZZANA,Salerno
I649,SERRAMONACESCA,Pescara
I651,SERRAPETRONA,Macerata
I652,SERRARA FONTANA,Napoli
I655,SERRASTRETTA,Catanzaro
I656,SERRATA,Reggio di Calabria
I662,SERRAVALLE A PO,Mantova
I661,SERRAVALLE DI CHIENTI,Macerata
I659,SERRAVALLE LANGHE,Cuneo
I660,SERRAVALLE PISTOIESE,Pistoia
I657,SERRAVALLE SCRIVIA,Alessandria
I663,SERRAVALLE SESIA,Vercelli
I666,SERRE,Salerno
I667,SERRENTI,Sud Sardegna
I668,SERRI,Sud Sardegna
I669,SERRONE,Frosinone
I671,SERSALE,Catanzaro
C070,SERVIGLIANO,Fermo
I676,SESSA AURUNCA,Caserta
I677,SESSA CILENTO,Salerno
I678,SESSAME,Asti
I679,SESSANO DEL MOLISE,Isernia
E070,SESTA GODANO,La Spezia
I681,SESTINO,Arezzo
I686,SESTO AL REGHENA,Pordenone
I688,SESTO CALENDE,Varese
I682,SESTO CAMPANO,Isernia
I683,SESTO ED UNITI,Cremona
I684,SESTO FIORENTINO,Firenze
I690,SESTO SAN GIOVANNI,Milano
I687,SESTO/SEXTEN,Bolzano
I689,SESTOLA,Modena
I693,SESTRI LEVANTE,Genova
I692,SESTRIERE,Torino
I695,SESTU,Cagliari
I696,SETTALA,Milano
I697,SETTEFRATI,Frosinone
M437,SETTEVILLE,Belluno
I698,SETTIME,Asti
I700,SETTIMO MILANESE,Milano
I701,SETTIMO ROTTARO,Torino
I699,SETTIMO SAN PIETRO,Cagliari
I703,SETTIMO TORINESE,Torino
I702,SETTIMO VITTONE,Torino
I704,SETTINGIANO,Catanzaro
I705,SETZU,Sud Sardegna
I706,SEUI,Sud Sardegna
I707,SEULO,Sud Sardegna
I709,SEVESO,Monza e della Brianza
I711,SEZZADIO,Alessandria
I712,SEZZE,Latina
I714,SFRUZ,Trento
I715,SGONICO,Trieste
I716,SGURGOLA,Frosinone
I717,SIAMAGGIORE,Oristano
I718,SIAMANNA,Oristano
I720,SIANO,Salerno
I721,SIAPICCIA,Oristano
M253,SICIGNANO DEGLI ALBURNI,Salerno
I723,SICULIANA,Agrigento
I724,SIDDI,Sud Sardegna
I725,SIDERNO,Reggio di Calabria
I726,SIENA,Siena
I727,SIGILLO,Perugia
I728,SIGNA,Firenze
I729,SILANDRO/SCHLANDERS,Bolzano
I730,SILANUS,Nuoro
F116,SILEA,Treviso
I732,SILIGO,Sassari
I734,SILIQUA,Sud Sardegna
I735,SILIUS,Sud Sardegna
M347,SILLANO GIUNCUGNANO,Lucca
I736,SILLAVENGO,Novara
I738,SILVANO D'ORBA,Alessandria
I739,SILVANO PIETRA,Pavia
I741,SILVI,Teramo
I742,SIMALA,Oristano
I743,SIMAXIS,Oristano
I744,SIMBARIO,Vibo Valentia
I745,SIMERI CRICHI,Catanzaro
I747,SINAGRA,Messina
A468,SINALUNGA,Siena
I748,SINDIA,Nuoro
I749,SINI,Oristano
I750,SINIO,Cuneo
I751,SINISCOLA,Nuoro
I752,SINNAI,Cagliari
I753,SINOPOLI,Reggio di Calabria
I754,SIRACUSA,Siracusa
I756,SIRIGNANO,Avellino
I757,SIRIS,Oristano
I633,SIRMIONE,Brescia
I758,SIROLO,Ancona
I759,SIRONE,Lecco
I761,SIRTORI,Lecco
M325,SISSA TRECASALI,Parma
I765,SIURGUS DONIGALA,Sud Sardegna
E265,SIZIANO,Pavia
I767,SIZZANO,Novara
I771,SLUDERNO/SCHLUDERNS,Bolzano
I774,SMERILLO,Fermo
I775,SOAVE,Verona
I777,SOCCHIEVE,Udine
I778,SODDI',Oristano
I779,SOGLIANO AL RUBICONE,Forli'-Cesena
I780,SOGLIANO CAVOUR,Lecce
I781,SOGLIO,Asti
I782,SOIANO DEL LAGO,Brescia
I783,SOLAGNA,Vicenza
I785,SOLARINO,Siracusa
I786,SOLARO,Milano
I787,SOLAROLO,Ravenna
I790,SOLAROLO RAINERIO,Cremona
I791,SOLARUSSA,Oristano
I793,SOLBIATE ARNO,Varese
M412,SOLBIATE CON CAGNO,Como
I794,SOLBIATE OLONA,Varese
I796,SOLDANO,Imperia
I797,SOLEMINIS,Sud Sardegna
I798,SOLERO,Alessandria
I799,SOLESINO,Padova
I800,SOLETO,Lecce
I801,SOLFERINO,Mantova
I802,SOLIERA,Modena
I803,SOLIGNANO,Parma
I805,SOLOFRA,Avellino
I808,SOLONGHELLO,Alessandria
I809,SOLOPACA,Benevento
I812,SOLTO COLLINA,Bergamo
I813,SOLZA,Bergamo
I815,SOMAGLIA,Lodi
I817,SOMANO,Cuneo
I819,SOMMA LOMBARDO,Varese
I820,SOMMA VESUVIANA,Napoli
I821,SOMMACAMPAGNA,Verona
I822,SOMMARIVA DEL BOSCO,Cuneo
I823,SOMMARIVA PERNO,Cuneo
I824,SOMMATINO,Caltanissetta
I825,SOMMO,Pavia
I826,SONA,Verona
I827,SONCINO,Cremona
I828,SONDALO,Sondrio
I829,SONDRIO,Sondrio
I830,SONGAVAZZO,Bergamo
I831,SONICO,Brescia
I832,SONNINO,Latina
I838,SORA,Frosinone
I839,SORAGA DI FASSA,Trento
I840,SORAGNA,Parma
I841,SORANO,Grosseto
I844,SORBO SAN BASILE,Catanzaro
I843,SORBO SERPICO,Avellino
M411,SORBOLO MEZZANI,Parma
I847,SORDEVOLO,Biella
I848,SORDIO,Lodi
I849,SORESINA,Cremona
I850,SORGA',Verona
I851,SORGONO,Nuoro
I852,SORI,Genova
I853,SORIANELLO,Vibo Valentia
I854,SORIANO CALABRO,Vibo Valentia
I855,SORIANO NEL CIMINO,Viterbo
I856,SORICO,Como
I857,SORISO,Novara
I858,SORISOLE,Bergamo
I860,SORMANO,Como
I861,SORRADILE,Oristano
I862,SORRENTO,Napoli
I863,SORSO,Sassari
I864,SORTINO,Siracusa
I865,SOSPIRO,Cremona
I866,SOSPIROLO,Belluno
I867,SOSSANO,Vicenza
I868,SOSTEGNO,Biella
I869,SOTTO IL MONTE GIOVANNI XXIII,Bergamo
I871,SOVER,Trento
I872,SOVERATO,Catanzaro
I873,SOVERE,Bergamo
I874,SOVERIA MANNELLI,Catanzaro
I875,SOVERIA SIMERI,Catanzaro
I876,SOVERZENE,Belluno
I877,SOVICILLE,Siena
I878,SOVICO,Monza e della Brianza
M436,SOVIZZO,Vicenza
I673,SOVRAMONTE,Belluno
I880,SOZZAGO,Novara
I881,SPADAFORA,Messina
I884,SPADOLA,Vibo Valentia
I885,SPARANISE,Caserta
I886,SPARONE,Torino
I887,SPECCHIA,Lecce
I888,SPELLO,Perugia
I891,SPERLINGA,Enna
I892,SPERLONGA,Latina
I893,SPERONE,Avellino
I894,SPESSA,Pavia
I895,SPEZZANO ALBANESE,Cosenza
I896,SPEZZANO DELLA SILA,Cosenza
I899,SPIAZZO,Trento
I901,SPIGNO MONFERRATO,Alessandria
I902,SPIGNO SATURNIA,Latina
I903,SPILAMBERTO,Modena
I904,SPILIMBERGO,Pordenone
I905,SPILINGA,Vibo Valentia
I906,SPINADESCO,Cremona
I907,SPINAZZOLA,Barletta-Andria-Trani
I908,SPINEA,Venezia
I909,SPINEDA,Cremona
I910,SPINETE,Campobasso
I911,SPINETO SCRIVIA,Alessandria
I912,SPINETOLI,Ascoli Piceno
I914,SPINO D'ADDA,Cremona
I916,SPINONE AL LAGO,Bergamo
I917,SPINOSO,Potenza
I919,SPIRANO,Bergamo
I921,SPOLETO,Perugia
I922,SPOLTORE,Pescara
I923,SPONGANO,Lecce
I924,SPORMAGGIORE,Trento
I925,SPORMINORE,Trento
I926,SPOTORNO,Savona
I927,SPRESIANO,Treviso
I928,SPRIANA,Sondrio
I929,SQUILLACE,Catanzaro
I930,SQUINZANO,Lecce
I932,STAFFOLO,Ancona
I935,STAGNO LOMBARDO,Cremona
I936,STAITI,Reggio di Calabria
I937,STALETTI',Catanzaro
I938,STANGHELLA,Padova
I939,STARANZANO,Gorizia
M298,STATTE,Taranto
I941,STAZZANO,Alessandria
I942,STAZZEMA,Lucca
I943,STAZZONA,Como
I945,STEFANACONI,Vibo Valentia
I946,STELLA,Savona
G887,STELLA CILENTO,Salerno
I947,STELLANELLO,Savona
I948,STELVIO/STILFS,Bolzano
I949,STENICO,Trento
I950,STERNATIA,Lecce
I951,STEZZANO,Bergamo
I953,STIENTA,Rovigo
I954,STIGLIANO,Matera
I955,STIGNANO,Reggio di Calabria
I956,STILO,Reggio di Calabria
I959,STIMIGLIANO,Rieti
M290,STINTINO,Sassari
I960,STIO,Salerno
I962,STORNARA,Foggia
I963,STORNARELLA,Foggia
I964,STORO,Trento
I965,STRA,Venezia
I968,STRADELLA,Pavia
I969,STRAMBINELLO,Torino
I970,STRAMBINO,Torino
I973,STRANGOLAGALLI,Frosinone
I974,STREGNA,Udine
I975,STREMBO,Trento
I976,STRESA,Verbano-Cusio-Ossola
I977,STREVI,Alessandria
I978,STRIANO,Napoli
I980,STRONA,Biella
I981,STRONCONE,Terni
I982,STRONGOLI,Crotone
I984,STROPPIANA,Vercelli
I985,STROPPO,Cuneo
I986,STROZZA,Bergamo
I990,STURNO,Avellino
B014,SUARDI,Pavia
I991,SUBBIANO,Arezzo
I992,SUBIACO,Roma
I993,SUCCIVO,Caserta
I994,SUEGLIO,Lecco
I995,SUELLI,Sud Sardegna
I996,SUELLO,Lecco
I997,SUISIO,Bergamo
I998,SULBIATE,Monza e della Brianza
I804,SULMONA,L'Aquila
L002,SULZANO,Brescia
L003,SUMIRAGO,Varese
L004,SUMMONTE,Avellino
L006,SUNI,Oristano
L007,SUNO,Novara
L008,SUPERSANO,Lecce
L009,SUPINO,Frosinone
L010,SURANO,Lecce
L011,SURBO,Lecce
L013,SUSA,Torino
L014,SUSEGANA,Treviso
L015,SUSTINENTE,Mantova
L016,SUTERA,Caltanissetta
L017,SUTRI,Viterbo
L018,SUTRIO,Udine
L019,SUVERETO,Livorno
L020,SUZZARA,Mantova
L022,TACENO,Lecco
L023,TADASUNI,Oristano
L024,TAGGIA,Imperia
L025,TAGLIACOZZO,L'Aquila
L026,TAGLIO DI PO,Rovigo
L027,TAGLIOLO MONFERRATO,Alessandria
L030,TAIBON AGORDINO,Belluno
L032,TAINO,Varese
G736,TAIPANA,Udine
L034,TALAMELLO,Rimini
L035,TALAMONA,Sondrio
L036,TALANA,Nuoro
L037,TALEGGIO,Bergamo
L038,TALLA,Arezzo
L039,TALMASSONS,Udine
L040,TAMBRE,Belluno
L042,TAORMINA,Messina
L046,TARANO,Rieti
L047,TARANTA PELIGNA,Chieti
L048,TARANTASCA,Cuneo
L049,TARANTO,Taranto
L050,TARCENTO,Udine
D024,TARQUINIA,Viterbo
L055,TARSIA,Cosenza
L056,TARTANO,Sondrio
L057,TARVISIO,Udine
L058,TARZO,Treviso
L059,TASSAROLO,Alessandria
L061,TAURANO,Avellino
L062,TAURASI,Avellino
L063,TAURIANOVA,Reggio di Calabria
L064,TAURISANO,Lecce
L065,TAVAGNACCO,Udine
L066,TAVAGNASCO,Torino
F260,TAVAZZANO CON VILLAVESCO,Lodi
L069,TAVENNA,Campobasso
L070,TAVERNA,Catanzaro
L071,TAVERNERIO,Como
L073,TAVERNOLA BERGAMASCA,Bergamo
C698,TAVERNOLE SUL MELLA,Brescia
L074,TAVIANO,Lecce
L075,TAVIGLIANO,Biella
L078,TAVOLETO,Pesaro e Urbino
L081,TAVULLIA,Pesaro e Urbino
L082,TEANA,Potenza
L083,TEANO,Caserta
D292,TEGGIANO,Salerno
L084,TEGLIO,Sondrio
L085,TEGLIO VENETO,Venezia
L086,TELESE TERME,Benevento
L087,TELGATE,Bergamo
L088,TELTI,Sassari
L089,TELVE,Trento
L090,TELVE DI SOPRA,Trento
L093,TEMPIO PAUSANIA,Sassari
L094,TEMU',Brescia
L096,TENNA,Trento
L097,TENNO,Trento
L100,TEOLO,Padova
L102,TEORA,Avellino
L103,TERAMO,Teramo
L104,TERDOBBIATE,Novara
L105,TERELLE,Frosinone
L106,TERENTO/TERENTEN,Bolzano
E548,TERENZO,Parma
M282,TERGU,Sassari
L108,TERLANO/TERLAN,Bolzano
L109,TERLIZZI,Bari
M210,TERME VIGLIATORE,Messina
L111,TERMENO SULLA STRADA DEL VINO/TRAMIN AN DER WEINSTRASSE,Bolzano
L112,TERMINI IMERESE,Palermo
L113,TERMOLI,Campobasso
L115,TERNATE,Varese
L116,TERNENGO,Biella
L117,TERNI,Terni
L118,TERNO D'ISOLA,Bergamo
L120,TERRACINA,Latina
L121,TERRAGNOLO,Trento
L122,TERRALBA,Oristano
L124,TERRANOVA DA SIBARI,Cosenza
L125,TERRANOVA DEI PASSERINI,Lodi
L126,TERRANOVA DI POLLINO,Potenza
L127,TERRANOVA SAPPO MINULIO,Reggio di Calabria
L123,TERRANUOVA BRACCIOLINI,Arezzo
L131,TERRASINI,Palermo
L132,TERRASSA PADOVANA,Padova
L134,TERRAVECCHIA,Cosenza
L136,TERRAZZO,Verona
M407,TERRE D'ADIGE,Trento
M381,TERRE DEL RENO,Ferrara
M379,TERRE ROVERESCHE,Pesaro e Urbino
L138,TERRICCIOLA,Pisa
L139,TERRUGGIA,Alessandria
L140,TERTENIA,Nuoro
L142,TERZIGNO,Napoli
L143,TERZO,Alessandria
L144,TERZO D'AQUILEIA,Udine
L145,TERZOLAS,Trento
L146,TERZORIO,Imperia
L147,TESERO,Trento
L149,TESIMO/TISENS,Bolzano
L150,TESSENNANO,Viterbo
L152,TESTICO,Savona
L153,TETI,Nuoro
L154,TEULADA,Sud Sardegna
L155,TEVEROLA,Caserta
L156,TEZZE SUL BRENTA,Vicenza
L157,THIENE,Vicenza
L158,THIESI,Sassari
L160,TIANA,Nuoro
L164,TICENGO,Cremona
L165,TICINETO,Alessandria
L166,TIGGIANO,Lecce
L167,TIGLIETO,Genova
L168,TIGLIOLE,Asti
L169,TIGNALE,Brescia
L172,TINNURA,Oristano
L173,TIONE DEGLI ABRUZZI,L'Aquila
L174,TIONE DI TRENTO,Trento
L175,TIRANO,Sondrio
L176,TIRES/TIERS,Bolzano
L177,TIRIOLO,Catanzaro
L178,TIROLO/TIROL,Bolzano
L180,TISSI,Sassari
L181,TITO,Potenza
L182,TIVOLI,Roma
L183,TIZZANO VAL PARMA,Parma
L184,TOANO,Reggio nell'Emilia
L185,TOCCO CAUDIO,Benevento
L186,TOCCO DA CASAURIA,Pescara
L187,TOCENO,Verbano-Cusio-Ossola
L188,TODI,Perugia
L189,TOFFIA,Rieti
L190,TOIRANO,Savona
L191,TOLENTINO,Macerata
L192,TOLFA,Roma
L193,TOLLEGNO,Biella
L194,TOLLO,Chieti
L195,TOLMEZZO,Udine
L197,TOLVE,Potenza
L199,TOMBOLO,Padova
L200,TON,Trento
L202,TONARA,Nuoro
L203,TONCO,Asti
D717,TONEZZA DEL CIMONE,Vicenza
L205,TORA E PICCILLI,Caserta
L206,TORANO CASTELLO,Cosenza
L207,TORANO NUOVO,Teramo
L210,TORBOLE CASAGLIA,Brescia
L211,TORCEGNO,Trento
L212,TORCHIARA,Salerno
L213,TORCHIAROLO,Brindisi
L214,TORELLA DEI LOMBARDI,Avellino
L215,TORELLA DEL SANNIO,Campobasso
L216,TORGIANO,Perugia
L217,TORGNON,Aosta
L219,TORINO,Torino
L218,TORINO DI SANGRO,Chieti
L220,TORITTO,Bari
L221,TORLINO VIMERCATI,Cremona
L223,TORNACO,Novara
L224,TORNARECCIO,Chieti
L225,TORNATA,Cremona
L227,TORNIMPARTE,L'Aquila
L228,TORNO,Como
L229,TORNOLO,Parma
L230,TORO,Campobasso
L231,TORPE',Nuoro
L233,TORRACA,Salerno
L235,TORRALBA,Sassari
L237,TORRAZZA COSTE,Pavia
L238,TORRAZZA PIEMONTE,Torino
L239,TORRAZZO,Biella
L245,TORRE ANNUNZIATA,Napoli
L250,TORRE BERETTI E CASTELLARO,Pavia
L251,TORRE BOLDONE,Bergamo
L252,TORRE BORMIDA,Cuneo
L243,TORRE CAJETANI,Frosinone
L247,TORRE CANAVESE,Torino
L256,TORRE D'ARESE,Pavia
L269,TORRE D'ISOLA,Pavia
L257,TORRE DE' BUSI,Bergamo
L262,TORRE DE' NEGRI,Pavia
L263,TORRE DE' PASSERI,Pescara
L258,TORRE DE' PICENARDI,Cremona
L265,TORRE DE' ROVERI,Bergamo
L259,TORRE DEL GRECO,Napoli
L267,TORRE DI MOSTO,Venezia
L240,TORRE DI RUGGIERO,Catanzaro
L244,TORRE DI SANTA MARIA,Sondrio
L272,TORRE LE NOCELLE,Avellino
L241,TORRE MONDOVI',Cuneo
L274,TORRE ORSAIA,Salerno
L276,TORRE PALLAVICINA,Bergamo
L277,TORRE PELLICE,Torino
L278,TORRE SAN GIORGIO,Cuneo
L279,TORRE SAN PATRIZIO,Fermo
L280,TORRE SANTA SUSANNA,Brindisi
L246,TORREANO,Udine
L248,TORREBELVICINO,Vicenza
L253,TORREBRUNA,Chieti
L254,TORRECUSO,Benevento
L270,TORREGLIA,Padova
L271,TORREGROTTA,Messina
L273,TORREMAGGIORE,Foggia
M286,TORRENOVA,Messina
L281,TORRESINA,Cuneo
L282,TORRETTA,Palermo
L285,TORREVECCHIA PIA,Pavia
L284,TORREVECCHIA TEATINA,Chieti
L287,TORRI DEL BENACO,Verona
L297,TORRI DI QUARTESOLO,Vicenza
L286,TORRI IN SABINA,Rieti
L290,TORRICE,Frosinone
L294,TORRICELLA,Taranto
L296,TORRICELLA DEL PIZZO,Cremona
L293,TORRICELLA IN SABINA,Rieti
L291,TORRICELLA PELIGNA,Chieti
L295,TORRICELLA SICURA,Teramo
L292,TORRICELLA VERZATE,Pavia
L298,TORRIGLIA,Genova
L299,TORRILE,Parma
L301,TORRIONI,Avellino
L303,TORRITA DI SIENA,Siena
L302,TORRITA TIBERINA,Roma
A355,TORTOLI',Nuoro
L304,TORTONA,Alessandria
L305,TORTORA,Cosenza
L306,TORTORELLA,Salerno
L307,TORTORETO,Teramo
L308,TORTORICI,Messina
L309,TORVISCOSA,Udine
L312,TOSCOLANO-MADERNO,Brescia
L314,TOSSICIA,Teramo
L316,TOVO DI SANT'AGATA,Sondrio
L315,TOVO SAN GIACOMO,Savona
L317,TRABIA,Palermo
L319,TRADATE,Varese
L321,TRAMATZA,Oristano
L322,TRAMBILENO,Trento
L323,TRAMONTI,Salerno
L324,TRAMONTI DI SOPRA,Pordenone
L325,TRAMONTI DI SOTTO,Pordenone
L326,TRAMUTOLA,Potenza
L327,TRANA,Torino
L328,TRANI,Barletta-Andria-Trani
L330,TRAONA,Sondrio
L331,TRAPANI,Trapani
L332,TRAPPETO,Palermo
L333,TRAREGO VIGGIONA,Verbano-Cusio-Ossola
L334,TRASACCO,L'Aquila
L335,TRASAGHIS,Udine
L336,TRASQUERA,Verbano-Cusio-Ossola
L337,TRATALIAS,Sud Sardegna
I236,TRAVACO' SICCOMARIO,Pavia
L339,TRAVAGLIATO,Brescia
L342,TRAVEDONA-MONATE,Varese
L345,TRAVERSELLA,Torino
L346,TRAVERSETOLO,Parma
L340,TRAVES,Torino
L347,TRAVESIO,Pordenone
L348,TRAVO,Piacenza
M361,TRE VILLE,Trento
L349,TREBASELEGHE,Padova
L353,TREBISACCE,Cosenza
M280,TRECASE,Napoli
L355,TRECASTAGNI,Catania
M318,TRECASTELLI,Ancona
L356,TRECATE,Novara
L357,TRECCHINA,Potenza
L359,TRECENTA,Rovigo
L361,TREDOZIO,Forli'-Cesena
L363,TREGLIO,Chieti
L364,TREGNAGO,Verona
L366,TREIA,Macerata
L367,TREISO,Cuneo
L369,TREMESTIERI ETNEO,Catania
M341,TREMEZZINA,Como
L372,TREMOSINE SUL GARDA,Brescia
L377,TRENTINARA,Salerno
L378,TRENTO,Trento
L379,TRENTOLA DUCENTA,Caserta
L380,TRENZANO,Brescia
L382,TREPPO GRANDE,Udine
M399,TREPPO LIGOSULLO,Udine
L383,TREPUZZI,Lecce
L384,TREQUANDA,Siena
L386,TRESANA,Massa Carrara
L388,TRESCORE BALNEARIO,Bergamo
L389,TRESCORE CREMASCO,Cremona
M409,TRESIGNANA,Ferrara
L392,TRESIVIO,Sondrio
L393,TRESNURAGHES,Oristano
L396,TREVENZUOLO,Verona
L397,TREVI,Perugia
L398,TREVI NEL LAZIO,Frosinone
L399,TREVICO,Avellino
L400,TREVIGLIO,Bergamo
L402,TREVIGNANO,Treviso
L401,TREVIGNANO ROMANO,Roma
L403,TREVILLE,Alessandria
L404,TREVIOLO,Bergamo
L407,TREVISO,Treviso
L406,TREVISO BRESCIANO,Brescia
L408,TREZZANO ROSA,Milano
L409,TREZZANO SUL NAVIGLIO,Milano
L411,TREZZO SULL'ADDA,Milano
L410,TREZZO TINELLA,Cuneo
L413,TREZZONE,Como
L414,TRIBANO,Padova
L415,TRIBIANO,Milano
L416,TRIBOGNA,Genova
L418,TRICARICO,Matera
L419,TRICASE,Lecce
L420,TRICERRO,Vercelli
L421,TRICESIMO,Udine
L423,TRIEI,Nuoro
L424,TRIESTE,Trieste
L425,TRIGGIANO,Bari
L426,TRIGOLO,Cremona
L427,TRINITA',Cuneo
L428,TRINITA' D'AGULTU E VIGNOLA,Sassari
B915,TRINITAPOLI,Barletta-Andria-Trani
L429,TRINO,Vercelli
L430,TRIORA,Imperia
L431,TRIPI,Messina
L432,TRISOBBIO,Alessandria
L433,TRISSINO,Vicenza
L434,TRIUGGIO,Monza e della Brianza
L435,TRIVENTO,Campobasso
L437,TRIVIGLIANO,Frosinone
L438,TRIVIGNANO UDINESE,Udine
L439,TRIVIGNO,Potenza
L440,TRIVOLZIO,Pavia
L444,TRODENA NEL PARCO NATURALE/TRUDEN IM NATURPARK,Bolzano
L445,TROFARELLO,Torino
L447,TROIA,Foggia
L448,TROINA,Enna
L449,TROMELLO,Pavia
L450,TRONTANO,Verbano-Cusio-Ossola
A705,TRONZANO LAGO MAGGIORE,Varese
L451,TRONZANO VERCELLESE,Vercelli
L452,TROPEA,Vibo Valentia
L453,TROVO,Pavia
L454,TRUCCAZZANO,Milano
L455,TUBRE/TAUFERS IM M├£NSTERTAL,Bolzano
L458,TUFARA,Campobasso
L459,TUFILLO,Chieti
L460,TUFINO,Napoli
L461,TUFO,Avellino
L462,TUGLIE,Lecce
L463,TUILI,Sud Sardegna
L464,TULA,Sassari
L466,TUORO SUL TRASIMENO,Perugia
G507,TURANIA,Rieti
L469,TURANO LODIGIANO,Lodi
L470,TURATE,Como
L471,TURBIGO,Milano
L472,TURI,Bari
L473,TURRI,Sud Sardegna
L474,TURRIACO,Gorizia
L475,TURRIVALIGNANI,Pescara
L477,TURSI,Matera
L478,TUSA,Messina
L310,TUSCANIA,Viterbo
C789,UBIALE CLANEZZO,Bergamo
L480,UBOLDO,Varese
L482,UCRIA,Messina
L483,UDINE,Udine
L484,UGENTO,Lecce
L485,UGGIANO LA CHIESA,Lecce
M435,UGGIATE CON RONAGO,Como
L488,ULA TIRSO,Oristano
L489,ULASSAI,Nuoro
L490,ULTIMO/ULTEN,Bolzano
D786,UMBERTIDE,Perugia
L492,UMBRIATICO,Crotone
L494,URAGO D'OGLIO,Brescia
L496,URAS,Oristano
L497,URBANA,Padova
L498,URBANIA,Pesaro e Urbino
L499,URBE,Savona
L500,URBINO,Pesaro e Urbino
L501,URBISAGLIA,Macerata
L502,URGNANO,Bergamo
L503,URI,Sassari
L505,URURI,Campobasso
L506,URZULEI,Nuoro
L507,USCIO,Genova
L508,USELLUS,Oristano
L509,USINI,Sassari
L511,USMATE VELATE,Monza e della Brianza
L512,USSANA,Sud Sardegna
L513,USSARAMANNA,Sud Sardegna
L514,USSASSAI,Nuoro
L515,USSEAUX,Torino
L516,USSEGLIO,Torino
L517,USSITA,Macerata
L519,USTICA,Palermo
L521,UTA,Cagliari
L522,UZZANO,Pistoia
L524,VACCARIZZO ALBANESE,Cosenza
L525,VACONE,Rieti
L526,VACRI,Chieti
L527,VADENA/PFATTEN,Bolzano
L528,VADO LIGURE,Savona
L533,VAGLI SOTTO,Lucca
L529,VAGLIA,Firenze
L532,VAGLIO BASILICATA,Potenza
L531,VAGLIO SERRA,Asti
L537,VAIANO,Prato
L535,VAIANO CREMASCO,Cremona
L538,VAIE,Torino
L539,VAILATE,Cremona
L540,VAIRANO PATENORA,Caserta
M265,VAJONT,Pordenone
M334,VAL BREMBILLA,Bergamo
L555,VAL DELLA TORRE,Torino
M405,VAL DI CHY,Torino
L562,VAL DI NIZZA,Pavia
L564,VAL DI VIZZE/PFITSCH,Bolzano
M374,VAL DI ZOLDO,Belluno
M384,VAL LIONA,Vicenza
L638,VAL MASINO,Sondrio
H259,VAL REZZO,Como
L544,VALBONDIONE,Bergamo
L545,VALBREMBO,Bergamo
M423,VALBRENTA,Vicenza
L546,VALBREVENNA,Genova
L547,VALBRONA,Como
M415,VALCHIUSA,Torino
L551,VALDAGNO,Vicenza
M343,VALDAONE,Trento
L552,VALDAORA/OLANG,Bolzano
L554,VALDASTICO,Vicenza
L556,VALDENGO,Biella
G319,VALDERICE,Trapani
L557,VALDIDENTRO,Sondrio
L558,VALDIERI,Cuneo
M417,VALDILANA,Biella
L561,VALDINA,Messina
L563,VALDISOTTO,Sondrio
L565,VALDOBBIADENE,Treviso
L566,VALDUGGIA,Vercelli
L568,VALEGGIO,Pavia
L567,VALEGGIO SUL MINCIO,Verona
L569,VALENTANO,Viterbo
L570,VALENZA,Alessandria
L571,VALENZANO,Bari
L572,VALERA FRATTA,Lodi
L573,VALFABBRICA,Perugia
L574,VALFENERA,Asti
L575,VALFLORIANA,Trento
M382,VALFORNACE,Macerata
L576,VALFURVA,Sondrio
L577,VALGANNA,Varese
L578,VALGIOIE,Torino
L579,VALGOGLIO,Bergamo
L580,VALGRANA,Cuneo
L581,VALGREGHENTINO,Lecco
L582,VALGRISENCHE,Aosta
L583,VALGUARNERA CAROPEPE,Enna
L584,VALLADA AGORDINA,Belluno
L586,VALLANZENGO,Biella
L588,VALLARSA,Trento
L589,VALLATA,Avellino
L594,VALLE AGRICOLA,Caserta
L595,VALLE AURINA/AHRNTAL,Bolzano
M404,VALLE CANNOBINA,Verbano-Cusio-Ossola
L597,VALLE CASTELLANA,Teramo
G540,VALLE DELL'ANGELO,Salerno
L590,VALLE DI CADORE,Belluno
L601,VALLE DI CASIES/GSIES,Bolzano
L591,VALLE DI MADDALONI,Caserta
L593,VALLE LOMELLINA,Pavia
L617,VALLE SALIMBENE,Pavia
L620,VALLE SAN NICOLAO,Biella
L596,VALLEBONA,Imperia
L598,VALLECORSA,Frosinone
L599,VALLECROSIA,Imperia
L603,VALLEDOLMO,Palermo
L604,VALLEDORIA,Sassari
I322,VALLEFIORITA,Catanzaro
M331,VALLEFOGLIA,Pesaro e Urbino
M362,VALLELAGHI,Trento
L607,VALLELONGA,Vibo Valentia
L609,VALLELUNGA PRATAMENO,Caltanissetta
L605,VALLEMAIO,Frosinone
L611,VALLEPIETRA,Roma
L612,VALLERANO,Viterbo
L613,VALLERMOSA,Sud Sardegna
L614,VALLEROTONDA,Frosinone
L616,VALLESACCARDA,Avellino
L623,VALLEVE,Bergamo
L624,VALLI DEL PASUBIO,Vicenza
L625,VALLINFREDA,Roma
L626,VALLIO TERME,Brescia
L628,VALLO DELLA LUCANIA,Salerno
L627,VALLO DI NERA,Perugia
L629,VALLO TORINESE,Torino
L631,VALLORIATE,Cuneo
L633,VALMACCA,Alessandria
L634,VALMADRERA,Lecco
L639,VALMONTONE,Roma
L640,VALMOREA,Como
L641,VALMOZZOLA,Parma
L642,VALNEGRA,Bergamo
L643,VALPELLINE,Aosta
L644,VALPERGA,Torino
B510,VALPRATO SOANA,Torino
M320,VALSAMOGGIA,Bologna
L647,VALSAVARENCHE,Aosta
D513,VALSINNI,Matera
C936,VALSOLDA,Como
L651,VALSTRONA,Verbano-Cusio-Ossola
L653,VALTOPINA,Perugia
L655,VALTORTA,Bergamo
L654,VALTOURNENCHE,Aosta
L656,VALVA,Salerno
M395,VALVARRONE,Lecco
M346,VALVASONE ARZENE,Pordenone
L658,VALVERDE,Catania
L468,VALVESTINO,Brescia
L660,VANDOIES/VINTL,Bolzano
L664,VANZAGHELLO,Milano
L665,VANZAGO,Milano
L666,VANZONE CON SAN CARLO,Verbano-Cusio-Ossola
L667,VAPRIO D'ADDA,Milano
L668,VAPRIO D'AGOGNA,Novara
L669,VARALLO,Vercelli
L670,VARALLO POMBIA,Novara
L671,VARANO BORGHI,Varese
L672,VARANO DE' MELEGARI,Parma
L673,VARAPODIO,Reggio di Calabria
L675,VARAZZE,Savona
L676,VARCO SABINO,Rieti
L677,VAREDO,Monza e della Brianza
L680,VARENNA,Lecco
L682,VARESE,Varese
L681,VARESE LIGURE,La Spezia
L685,VARISELLA,Torino
L686,VARMO,Udine
L687,VARNA/VAHRN,Bolzano
L689,VARSI,Parma
L690,VARZI,Pavia
L691,VARZO,Verbano-Cusio-Ossola
A701,VASANELLO,Viterbo
L693,VASIA,Imperia
E372,VASTO,Chieti
L696,VASTOGIRARDI,Isernia
L698,VAUDA CANAVESE,Torino
L699,VAZZANO,Vibo Valentia
L700,VAZZOLA,Treviso
L702,VECCHIANO,Pisa
L704,VEDANO AL LAMBRO,Monza e della Brianza
L703,VEDANO OLONA,Varese
L706,VEDELAGO,Treviso
L707,VEDESETA,Bergamo
L709,VEDUGGIO CON COLZANO,Monza e della Brianza
L710,VEGGIANO,Padova
L711,VEGLIE,Lecce
L712,VEGLIO,Biella
L713,VEJANO,Viterbo
L715,VELESO,Como
L716,VELEZZO LOMELLINA,Pavia
L719,VELLETRI,Roma
L720,VELLEZZO BELLINI,Pavia
L723,VELO D'ASTICO,Vicenza
L722,VELO VERONESE,Verona
L724,VELTURNO/FELDTHURNS,Bolzano
L725,VENAFRO,Isernia
L727,VENARIA REALE,Torino
L728,VENAROTTA,Ascoli Piceno
L729,VENASCA,Cuneo
L726,VENAUS,Torino
L730,VENDONE,Savona
L733,VENEGONO INFERIORE,Varese
L734,VENEGONO SUPERIORE,Varese
L735,VENETICO,Messina
L736,VENEZIA,Venezia
L737,VENIANO,Como
L738,VENOSA,Potenza
M364,VENTASSO,Reggio nell'Emilia
L739,VENTICANO,Avellino
L741,VENTIMIGLIA,Imperia
L740,VENTIMIGLIA DI SICILIA,Palermo
L742,VENTOTENE,Latina
L743,VENZONE,Udine
L744,VERANO BRIANZA,Monza e della Brianza
L745,VERANO/V├ûRAN,Bolzano
L746,VERBANIA,Verbano-Cusio-Ossola
L747,VERBICARO,Cosenza
L748,VERCANA,Como
L749,VERCEIA,Sondrio
L750,VERCELLI,Vercelli
L751,VERCURAGO,Lecco
L752,VERDELLINO,Bergamo
L753,VERDELLO,Bergamo
M337,VERDERIO,Lecco
L758,VERDUNO,Cuneo
L762,VERGATO,Bologna
L764,VERGHERETO,Forli'-Cesena
L765,VERGIATE,Varese
M424,VERMEZZO CON ZELO,Milano
L769,VERMIGLIO,Trento
L771,VERNANTE,Cuneo
L772,VERNASCA,Piacenza
L773,VERNATE,Milano
L774,VERNAZZA,La Spezia
L775,VERNIO,Prato
L776,VERNOLE,Lecce
L777,VEROLANUOVA,Brescia
L778,VEROLAVECCHIA,Brescia
L779,VEROLENGO,Torino
L780,VEROLI,Frosinone
L781,VERONA,Verona
D193,VERONELLA,Verona
L783,VERRAYES,Aosta
L784,VERRETTO,Pavia
L785,VERRONE,Biella
L788,VERRUA PO,Pavia
L787,VERRUA SAVOIA,Torino
C282,VERR├êS,Aosta
L792,VERTEMATE CON MINOPRIO,Como
L795,VERTOVA,Bergamo
L797,VERUCCHIO,Rimini
L799,VERVIO,Sondrio
L801,VERZEGNIS,Udine
L802,VERZINO,Crotone
L804,VERZUOLO,Cuneo
L805,VESCOVANA,Padova
L806,VESCOVATO,Cremona
L807,VESIME,Asti
L808,VESPOLATE,Novara
L809,VESSALICO,Imperia
L810,VESTENANOVA,Verona
L811,VESTIGNE',Torino
L812,VESTONE,Brescia
L814,VETRALLA,Viterbo
L815,VETTO,Reggio nell'Emilia
L817,VEZZA D'ALBA,Cuneo
L816,VEZZA D'OGLIO,Brescia
L819,VEZZANO LIGURE,La Spezia
L820,VEZZANO SUL CROSTOLO,Reggio nell'Emilia
L823,VEZZI PORTIO,Savona
L826,VIADANA,Mantova
L827,VIADANICA,Bergamo
L828,VIAGRANDE,Catania
L829,VIALE,Asti
L830,VIALFRE',Torino
L831,VIANO,Reggio nell'Emilia
L833,VIAREGGIO,Lucca
L834,VIARIGI,Asti
F537,VIBO VALENTIA,Vibo Valentia
L835,VIBONATI,Salerno
L836,VICALVI,Frosinone
L837,VICARI,Palermo
L838,VICCHIO,Firenze
L840,VICENZA,Vicenza
L842,VICO DEL GARGANO,Foggia
L845,VICO EQUENSE,Napoli
L843,VICO NEL LAZIO,Frosinone
L841,VICOFORTE,Cuneo
L846,VICOLI,Pescara
L847,VICOLUNGO,Novara
L850,VICOPISANO,Pisa
L851,VICOVARO,Roma
M259,VIDDALBA,Sassari
L854,VIDIGULFO,Pavia
L856,VIDOR,Treviso
L857,VIDRACCO,Torino
L858,VIESTE,Foggia
L859,VIETRI DI POTENZA,Potenza
L860,VIETRI SUL MARE,Salerno
L865,VIGANO SAN MARTINO,Bergamo
L866,VIGANO',Lecco
L868,VIGARANO MAINARDA,Ferrara
L869,VIGASIO,Verona
L872,VIGEVANO,Pavia
L873,VIGGIANELLO,Potenza
L874,VIGGIANO,Potenza
L876,VIGGIU',Varese
L880,VIGLIANO BIELLESE,Biella
L879,VIGLIANO D'ASTI,Asti
L881,VIGNALE MONFERRATO,Alessandria
L882,VIGNANELLO,Viterbo
L883,VIGNATE,Milano
L885,VIGNOLA,Modena
L886,VIGNOLA-FALESINA,Trento
L887,VIGNOLE BORBERA,Alessandria
L888,VIGNOLO,Cuneo
L889,VIGNONE,Verbano-Cusio-Ossola
L890,VIGO DI CADORE,Belluno
L892,VIGODARZERE,Padova
L894,VIGOLO,Bergamo
L897,VIGOLZONE,Piacenza
L898,VIGONE,Torino
L899,VIGONOVO,Venezia
L900,VIGONZA,Padova
L904,VIGUZZOLO,Alessandria
L912,VILLA BARTOLOMEA,Verona
L913,VILLA BASILICA,Lucca
L917,VILLA BISCOSSI,Pavia
L919,VILLA CARCINA,Brescia
L920,VILLA CASTELLI,Brindisi
L922,VILLA CELIERA,Pescara
L926,VILLA COLLEMANDINA,Lucca
L928,VILLA CORTESE,Milano
L929,VILLA D'ADDA,Bergamo
A215,VILLA D'ALME',Bergamo
L938,VILLA D'OGNA,Bergamo
L933,VILLA DEL BOSCO,Biella
L934,VILLA DEL CONTE,Padova
D801,VILLA DI BRIANO,Caserta
L907,VILLA DI CHIAVENNA,Sondrio
L936,VILLA DI SERIO,Bergamo
L908,VILLA DI TIRANO,Sondrio
L937,VILLA ESTENSE,Padova
L943,VILLA FARALDI,Imperia
L956,VILLA GUARDIA,Como
L957,VILLA LAGARINA,Trento
A081,VILLA LATINA,Frosinone
L844,VILLA LITERNO,Caserta
L969,VILLA MINOZZO,Reggio nell'Emilia
M018,VILLA SAN GIOVANNI,Reggio di Calabria
H913,VILLA SAN GIOVANNI IN TUSCIA,Viterbo
I118,VILLA SAN PIETRO,Cagliari
M019,VILLA SAN SECONDO,Asti
M023,VILLA SANT'ANGELO,L'Aquila
I298,VILLA SANT'ANTONIO,Oristano
L905,VILLA SANTA LUCIA,Frosinone
M021,VILLA SANTA LUCIA DEGLI ABRUZZI,L'Aquila
M022,VILLA SANTA MARIA,Chieti
L909,VILLA SANTINA,Udine
I364,VILLA SANTO STEFANO,Frosinone
A609,VILLA VERDE,Oristano
L915,VILLABASSA/NIEDERDORF,Bolzano
L916,VILLABATE,Palermo
L923,VILLACHIARA,Brescia
L924,VILLACIDRO,Sud Sardegna
L931,VILLADEATI,Alessandria
L939,VILLADOSE,Rovigo
L906,VILLADOSSOLA,Verbano-Cusio-Ossola
L942,VILLAFALLETTO,Cuneo
L945,VILLAFRANCA D'ASTI,Asti
L949,VILLAFRANCA DI VERONA,Verona
L946,VILLAFRANCA IN LUNIGIANA,Massa Carrara
L947,VILLAFRANCA PADOVANA,Padova
L948,VILLAFRANCA PIEMONTE,Torino
L944,VILLAFRANCA SICULA,Agrigento
L950,VILLAFRANCA TIRRENA,Messina
L951,VILLAFRATI,Palermo
L952,VILLAGA,Vicenza
L953,VILLAGRANDE STRISAILI,Nuoro
L958,VILLALAGO,L'Aquila
L959,VILLALBA,Caltanissetta
L961,VILLALFONSINA,Chieti
L963,VILLALVERNIA,Alessandria
L964,VILLAMAGNA,Chieti
L965,VILLAMAINA,Avellino
L966,VILLAMAR,Sud Sardegna
L967,VILLAMARZANA,Rovigo
L968,VILLAMASSARGIA,Sud Sardegna
L970,VILLAMIROGLIO,Alessandria
L971,VILLANDRO/VILLANDERS,Bolzano
L978,VILLANOVA BIELLESE,Biella
L982,VILLANOVA CANAVESE,Torino
L975,VILLANOVA D'ALBENGA,Savona
L983,VILLANOVA D'ARDENGHI,Pavia
L984,VILLANOVA D'ASTI,Asti
L973,VILLANOVA DEL BATTISTA,Avellino
L985,VILLANOVA DEL GHEBBO,Rovigo
L977,VILLANOVA DEL SILLARO,Lodi
L979,VILLANOVA DI CAMPOSAMPIERO,Padova
L988,VILLANOVA MARCHESANA,Rovigo
L974,VILLANOVA MONDOVI',Cuneo
L972,VILLANOVA MONFERRATO,Alessandria
L989,VILLANOVA MONTELEONE,Sassari
L990,VILLANOVA SOLARO,Cuneo
L980,VILLANOVA SULL'ARDA,Piacenza
L991,VILLANOVA TRUSCHEDU,Oristano
L992,VILLANOVA TULO,Sud Sardegna
L986,VILLANOVAFORRU,Sud Sardegna
L987,VILLANOVAFRANCA,Sud Sardegna
L994,VILLANTERIO,Pavia
L995,VILLANUOVA SUL CLISI,Brescia
M278,VILLAPERUCCIO,Sud Sardegna
B903,VILLAPIANA,Cosenza
L998,VILLAPUTZU,Sud Sardegna
L999,VILLAR DORA,Torino
M007,VILLAR FOCCHIARDO,Torino
M013,VILLAR PELLICE,Torino
M014,VILLAR PEROSA,Torino
M015,VILLAR SAN COSTANZO,Cuneo
M002,VILLARBASSE,Torino
M003,VILLARBOIT,Vercelli
M004,VILLAREGGIA,Torino
G309,VILLARICCA,Napoli
M009,VILLAROMAGNANO,Alessandria
M011,VILLAROSA,Enna
M016,VILLASALTO,Sud Sardegna
M017,VILLASANTA,Monza e della Brianza
B738,VILLASIMIUS,Sud Sardegna
M025,VILLASOR,Sud Sardegna
M026,VILLASPECIOSA,Sud Sardegna
M027,VILLASTELLONE,Torino
M028,VILLATA,Vercelli
M030,VILLAURBANA,Oristano
M031,VILLAVALLELONGA,L'Aquila
M032,VILLAVERLA,Vicenza
M363,VILLE D'ANAUNIA,Trento
M431,VILLE DI FIEMME,Trento
L981,VILLENEUVE,Aosta
M043,VILLESSE,Gorizia
M041,VILLETTA BARREA,L'Aquila
M042,VILLETTE,Verbano-Cusio-Ossola
M044,VILLIMPENTA,Mantova
M045,VILLONGO,Bergamo
M048,VILLORBA,Treviso
M050,VILMINORE DI SCALVE,Bergamo
M052,VIMERCATE,Monza e della Brianza
M053,VIMODRONE,Milano
M055,VINADIO,Cuneo
M057,VINCHIATURO,Campobasso
M058,VINCHIO,Asti
M059,VINCI,Firenze
M060,VINOVO,Torino
M062,VINZAGLIO,Novara
M063,VIOLA,Cuneo
M065,VIONE,Brescia
M067,VIPITENO/STERZING,Bolzano
M069,VIRLE PIEMONTE,Torino
M070,VISANO,Brescia
M071,VISCHE,Torino
M072,VISCIANO,Napoli
M073,VISCO,Udine
M077,VISONE,Alessandria
M078,VISSO,Macerata
M079,VISTARINO,Pavia
M080,VISTRORIO,Torino
M081,VITA,Trapani
M082,VITERBO,Viterbo
M083,VITICUSO,Frosinone
M085,VITO D'ASIO,Pordenone
M086,VITORCHIANO,Viterbo
M088,VITTORIA,Ragusa
M089,VITTORIO VENETO,Treviso
M090,VITTORITO,L'Aquila
M091,VITTUONE,Milano
M093,VITULANO,Benevento
M092,VITULAZIO,Caserta
M094,VIU',Torino
M096,VIVARO,Pordenone
M095,VIVARO ROMANO,Roma
M098,VIVERONE,Biella
M100,VIZZINI,Catania
M101,VIZZOLA TICINO,Varese
M102,VIZZOLO PREDABISSI,Milano
M103,VO',Padova
M104,VOBARNO,Brescia
M105,VOBBIA,Genova
M106,VOCCA,Vercelli
M108,VODO CADORE,Belluno
M109,VOGHERA,Pavia
M110,VOGHIERA,Ferrara
M111,VOGOGNA,Verbano-Cusio-Ossola
M113,VOLANO,Trento
M115,VOLLA,Napoli
M116,VOLONGO,Cremona
M118,VOLPAGO DEL MONTELLO,Treviso
M119,VOLPARA,Pavia
M120,VOLPEDO,Alessandria
M121,VOLPEGLINO,Alessandria
M122,VOLPIANO,Torino
M125,VOLTA MANTOVANA,Mantova
M123,VOLTAGGIO,Alessandria
M124,VOLTAGO AGORDINO,Belluno
M126,VOLTERRA,Pisa
M127,VOLTIDO,Cremona
M131,VOLTURARA APPULA,Foggia
M130,VOLTURARA IRPINA,Avellino
M132,VOLTURINO,Foggia
M133,VOLVERA,Torino
M136,VOTTIGNASCO,Cuneo
M138,ZACCANOPOLI,Vibo Valentia
M139,ZAFFERANA ETNEA,Catania
M140,ZAGARISE,Catanzaro
M141,ZAGAROLO,Roma
M143,ZAMBRONE,Vibo Valentia
M144,ZANDOBBIO,Bergamo
M145,ZANE',Vicenza
M147,ZANICA,Bergamo
M267,ZAPPONETA,Foggia
M150,ZAVATTARELLO,Pavia
M152,ZECCONE,Pavia
M153,ZEDDIANI,Oristano
M156,ZELBIO,Como
M158,ZELO BUON PERSICO,Lodi
M161,ZEME,Pavia
M162,ZENEVREDO,Pavia
M163,ZENSON DI PIAVE,Treviso
M165,ZERBA,Piacenza
M166,ZERBO,Pavia
M167,ZERBOLO',Pavia
M168,ZERFALIU,Oristano
M169,ZERI,Massa Carrara
M170,ZERMEGHEDO,Vicenza
M171,ZERO BRANCO,Treviso
M172,ZEVIO,Verona
M173,ZIANO DI FIEMME,Trento
L848,ZIANO PIACENTINO,Piacenza
M176,ZIBIDO SAN GIACOMO,Milano
M177,ZIGNAGO,La Spezia
M178,ZIMELLA,Verona
M179,ZIMONE,Biella
M180,ZINASCO,Pavia
M182,ZOAGLI,Genova
M183,ZOCCA,Modena
M184,ZOGNO,Bergamo
M185,ZOLA PREDOSA,Bologna
M187,ZOLLINO,Lecce
M188,ZONE,Brescia
M189,ZOPPE' DI CADORE,Belluno
M190,ZOPPOLA,Pordenone
M194,ZOVENCEDO,Vicenza
M196,ZUBIENA,Biella
M197,ZUCCARELLO,Savona
M199,ZUGLIANO,Vicenza
M200,ZUGLIO,Udine
M201,ZUMAGLIA,Biella
M202,ZUMPANO,Cosenza
M203,ZUNGOLI,Avellino
M204,ZUNGRI,Vibo Valentia
